-- phpMyAdmin SQL Dump
-- version 5.0.3
-- https://www.phpmyadmin.net/
--
-- Host: 127.0.0.1
-- Generation Time: May 29, 2021 at 07:07 AM
-- Server version: 10.4.14-MariaDB
-- PHP Version: 7.4.11

SET SQL_MODE = "NO_AUTO_VALUE_ON_ZERO";
START TRANSACTION;
SET time_zone = "+00:00";


/*!40101 SET @OLD_CHARACTER_SET_CLIENT=@@CHARACTER_SET_CLIENT */;
/*!40101 SET @OLD_CHARACTER_SET_RESULTS=@@CHARACTER_SET_RESULTS */;
/*!40101 SET @OLD_COLLATION_CONNECTION=@@COLLATION_CONNECTION */;
/*!40101 SET NAMES utf8mb4 */;

--
-- Database: `eapi`
--

-- --------------------------------------------------------

--
-- Table structure for table `migrations`
--

CREATE TABLE `migrations` (
  `id` int(10) UNSIGNED NOT NULL,
  `migration` varchar(255) COLLATE utf8mb4_unicode_ci NOT NULL,
  `batch` int(11) NOT NULL
) ENGINE=InnoDB DEFAULT CHARSET=utf8mb4 COLLATE=utf8mb4_unicode_ci;

--
-- Dumping data for table `migrations`
--

INSERT INTO `migrations` (`id`, `migration`, `batch`) VALUES
(1, '2014_10_12_000000_create_users_table', 1),
(2, '2014_10_12_100000_create_password_resets_table', 1),
(3, '2021_05_29_042142_create_products_table', 1),
(4, '2021_05_29_042404_create_reviews_table', 1);

-- --------------------------------------------------------

--
-- Table structure for table `password_resets`
--

CREATE TABLE `password_resets` (
  `email` varchar(255) COLLATE utf8mb4_unicode_ci NOT NULL,
  `token` varchar(255) COLLATE utf8mb4_unicode_ci NOT NULL,
  `created_at` timestamp NULL DEFAULT NULL
) ENGINE=InnoDB DEFAULT CHARSET=utf8mb4 COLLATE=utf8mb4_unicode_ci;

-- --------------------------------------------------------

--
-- Table structure for table `products`
--

CREATE TABLE `products` (
  `id` int(10) UNSIGNED NOT NULL,
  `name` varchar(255) COLLATE utf8mb4_unicode_ci NOT NULL,
  `detail` text COLLATE utf8mb4_unicode_ci NOT NULL,
  `price` int(11) NOT NULL,
  `stock` int(11) NOT NULL,
  `discount` int(11) NOT NULL,
  `created_at` timestamp NULL DEFAULT NULL,
  `updated_at` timestamp NULL DEFAULT NULL
) ENGINE=InnoDB DEFAULT CHARSET=utf8mb4 COLLATE=utf8mb4_unicode_ci;

--
-- Dumping data for table `products`
--

INSERT INTO `products` (`id`, `name`, `detail`, `price`, `stock`, `discount`, `created_at`, `updated_at`) VALUES
(1, 'earum', 'Esse alias quia fuga vero est nemo. Optio suscipit est quia ut distinctio illo illum. Qui assumenda voluptate qui quia molestiae.', 267, 0, 12, '2021-05-28 22:03:58', '2021-05-28 22:03:58'),
(2, 'ullam', 'Sequi quaerat earum nobis in commodi eum omnis. Quisquam assumenda voluptate distinctio quod placeat. Quidem quae commodi culpa. Et est minima animi ex.', 780, 0, 3, '2021-05-28 22:03:58', '2021-05-28 22:03:58'),
(3, 'rerum', 'Neque explicabo quidem et aut a qui. Consequatur aut quidem non aut et dolor temporibus. Et totam et saepe sint ut repudiandae cupiditate. Vel adipisci sequi iure ex ut iste.', 354, 4, 2, '2021-05-28 22:03:58', '2021-05-28 22:03:58'),
(4, 'dolor', 'Dignissimos magni non ut soluta. Unde vero illum sequi dolores ullam id. Consequatur placeat assumenda consectetur nemo quasi. Hic nihil voluptatibus repellat aut reprehenderit.', 141, 7, 26, '2021-05-28 22:03:58', '2021-05-28 22:03:58'),
(5, 'repudiandae', 'Et aut fugiat quia incidunt sed voluptas et. Expedita qui quia mollitia ea at. Quia doloribus distinctio repellendus dolores omnis ut eius ut. Explicabo qui reprehenderit laudantium expedita in sapiente quisquam sunt.', 504, 0, 7, '2021-05-28 22:03:58', '2021-05-28 22:03:58'),
(6, 'ad', 'Modi dicta ad quaerat. Cum veritatis cupiditate dignissimos quis. Suscipit esse ea fuga id hic ipsam quis quas.', 729, 0, 19, '2021-05-28 22:03:59', '2021-05-28 22:03:59'),
(7, 'quam', 'Error et voluptatem similique. Dolorem assumenda sit est consequuntur provident repellat est. Excepturi reiciendis sed asperiores eos soluta soluta. Possimus dolorem sit commodi soluta quaerat repudiandae.', 991, 6, 7, '2021-05-28 22:03:59', '2021-05-28 22:03:59'),
(8, 'qui', 'Qui aut qui nobis possimus omnis. Aut rem nisi error reprehenderit non mollitia. Ut ut tempore sapiente est neque autem. Iure velit suscipit delectus explicabo.', 510, 1, 30, '2021-05-28 22:03:59', '2021-05-28 22:03:59'),
(9, 'rerum', 'Distinctio nihil recusandae perferendis. Distinctio enim sint dicta minus quod asperiores facilis. Asperiores sed officiis facere voluptatem esse et.', 200, 8, 22, '2021-05-28 22:03:59', '2021-05-28 22:03:59'),
(10, 'voluptates', 'Qui eaque qui beatae et eos autem dignissimos voluptates. Ut atque non et laudantium. Aperiam error qui voluptate aut temporibus autem. Autem veritatis mollitia et mollitia.', 464, 0, 12, '2021-05-28 22:03:59', '2021-05-28 22:03:59'),
(11, 'ut', 'Tempora voluptatem laborum doloribus aut sit deleniti molestias quae. Excepturi est ab possimus perferendis consequuntur a ratione. Omnis quis quis quia voluptatem qui autem non ratione. Odit iusto occaecati temporibus et rerum repellendus est hic.', 578, 1, 24, '2021-05-28 22:03:59', '2021-05-28 22:03:59'),
(12, 'consectetur', 'Eaque sed dolores est perferendis omnis est ea quia. Saepe dolore dolor enim suscipit. Pariatur natus officia a magni ut. Sunt odit animi quaerat qui.', 215, 1, 6, '2021-05-28 22:03:59', '2021-05-28 22:03:59'),
(13, 'sint', 'Ducimus aut minima omnis autem ea adipisci aspernatur. Sint odit fugit voluptatem. Eos sed minus aliquid repellendus libero.', 436, 5, 30, '2021-05-28 22:03:59', '2021-05-28 22:03:59'),
(14, 'nihil', 'Maiores sapiente eos nostrum culpa. Qui ex ab qui at excepturi. Nesciunt omnis dignissimos officia nisi laborum et quisquam soluta.', 955, 8, 6, '2021-05-28 22:03:59', '2021-05-28 22:03:59'),
(15, 'illum', 'Adipisci iure placeat libero reiciendis. Placeat praesentium eum consequatur eveniet. Ab totam reiciendis repellendus iste odit dolores ut.', 746, 9, 12, '2021-05-28 22:03:59', '2021-05-28 22:03:59'),
(16, 'dolorum', 'Nulla deleniti voluptatem saepe vero. In sint non aut et.', 156, 6, 29, '2021-05-28 22:03:59', '2021-05-28 22:03:59'),
(17, 'dolorem', 'Magnam dolore dolorem soluta doloremque molestiae fuga dolore. Consequatur quia voluptatem delectus omnis earum beatae. Vero quibusdam omnis quia ut placeat repellendus. Possimus dicta est id harum excepturi ut. Accusamus earum pariatur dolorem.', 250, 3, 10, '2021-05-28 22:03:59', '2021-05-28 22:03:59'),
(18, 'eos', 'Sed dicta error deleniti autem. Earum unde blanditiis ex sit consequatur incidunt. Aut itaque dolorum ad accusantium numquam nam laborum.', 638, 8, 9, '2021-05-28 22:03:59', '2021-05-28 22:03:59'),
(19, 'aut', 'Incidunt inventore magni inventore quis aspernatur voluptas non. Est possimus odit quidem quam in esse quo. Consequatur cum ut natus aperiam est culpa aperiam. Eius et qui fugiat fugiat et.', 896, 3, 2, '2021-05-28 22:04:00', '2021-05-28 22:04:00'),
(20, 'velit', 'Molestiae qui velit mollitia ducimus dolore quia voluptas. Et iusto adipisci modi assumenda officia alias consequuntur officia. Animi officiis excepturi est libero et laboriosam.', 422, 2, 5, '2021-05-28 22:04:00', '2021-05-28 22:04:00'),
(21, 'et', 'Quam quo qui beatae vel. Sit sit temporibus cupiditate repellendus. Omnis et voluptatem est odit ducimus quos quia.', 946, 1, 14, '2021-05-28 22:04:00', '2021-05-28 22:04:00'),
(22, 'enim', 'Natus vel libero eveniet et quia exercitationem natus. Architecto quo id eaque tenetur corrupti. Asperiores facere quasi temporibus voluptatem. Vitae ducimus et aperiam dolorem similique.', 944, 7, 29, '2021-05-28 22:04:00', '2021-05-28 22:04:00'),
(23, 'quaerat', 'Libero non accusantium aut et est consectetur quibusdam mollitia. Quia enim facilis possimus excepturi sit dolorem vitae qui. Quidem illum illum aut totam molestias. Ut sunt sit voluptas.', 914, 1, 29, '2021-05-28 22:04:00', '2021-05-28 22:04:00'),
(24, 'recusandae', 'Aut placeat delectus ut sit inventore. Tenetur similique quis numquam consequatur quisquam doloremque quo. Dolores aliquam atque aperiam qui accusamus alias sed. Corporis dignissimos eaque laudantium optio.', 932, 5, 5, '2021-05-28 22:04:00', '2021-05-28 22:04:00'),
(25, 'numquam', 'Numquam inventore ut qui accusantium velit. Maxime provident perspiciatis et excepturi velit. Praesentium aliquid et at nulla. Explicabo itaque temporibus dicta aut exercitationem alias officiis. Aperiam autem autem repellendus enim dolores non reiciendis.', 696, 2, 27, '2021-05-28 22:04:00', '2021-05-28 22:04:00'),
(26, 'temporibus', 'Illo inventore ut facilis incidunt ipsa. Et laborum qui ipsa omnis ullam et velit.', 898, 7, 6, '2021-05-28 22:04:00', '2021-05-28 22:04:00'),
(27, 'quam', 'Molestiae et dolorem earum ea sed ea porro. Asperiores maiores eaque quos consequuntur. Ratione ad facilis qui consequatur.', 910, 9, 23, '2021-05-28 22:04:00', '2021-05-28 22:04:00'),
(28, 'quidem', 'Qui ex culpa qui dolores vel. Ea soluta maiores ut dolores fuga repellendus debitis. Molestiae tenetur quae sint repellat harum.', 378, 9, 7, '2021-05-28 22:04:00', '2021-05-28 22:04:00'),
(29, 'vitae', 'Omnis blanditiis non et maiores voluptatem ipsa rerum. Doloribus enim maiores cumque quam est facilis facilis. Ipsa qui sunt quia eius velit aut.', 873, 7, 16, '2021-05-28 22:04:00', '2021-05-28 22:04:00'),
(30, 'et', 'Enim iusto nihil dolor culpa. Maxime libero amet eius aut aut et quia. Sint eum in et dolorem.', 985, 0, 18, '2021-05-28 22:04:00', '2021-05-28 22:04:00'),
(31, 'asperiores', 'Iure sit culpa est placeat. Et odio nam ut itaque fugiat nisi. Sed amet dolorum quis ex tempore mollitia non. Sit consequatur dignissimos vero velit.', 333, 1, 10, '2021-05-28 22:04:01', '2021-05-28 22:04:01'),
(32, 'aliquid', 'Rem ad fuga commodi maxime rerum. Ipsam voluptates nam illum commodi eum officia eligendi maiores. Qui tempore ullam eos atque voluptatem.', 631, 0, 7, '2021-05-28 22:04:01', '2021-05-28 22:04:01'),
(33, 'quia', 'Est quod dolores saepe fugiat eveniet adipisci. Quis dicta quas velit maiores aspernatur ut. Aut et officiis eum dicta ut.', 266, 2, 26, '2021-05-28 22:04:01', '2021-05-28 22:04:01'),
(34, 'aperiam', 'Rerum nostrum sunt est ipsum minima commodi qui. Quia animi veritatis eveniet est deserunt sit nostrum suscipit. Culpa et voluptate culpa adipisci eum. Aut rem corrupti totam nostrum ut.', 562, 0, 28, '2021-05-28 22:04:01', '2021-05-28 22:04:01'),
(35, 'repudiandae', 'Similique iusto tempore sapiente quo consequuntur. Necessitatibus explicabo molestiae ipsum similique voluptas. Porro aut adipisci amet enim.', 889, 9, 10, '2021-05-28 22:04:01', '2021-05-28 22:04:01'),
(36, 'quia', 'At voluptatem id quia error a ratione qui. Rerum doloribus voluptatem voluptatem eius autem accusamus quos. Dignissimos hic nihil tenetur ipsam eaque blanditiis dolor quam. Excepturi qui exercitationem repudiandae doloremque.', 557, 7, 6, '2021-05-28 22:04:01', '2021-05-28 22:04:01'),
(37, 'mollitia', 'Consequatur sit ipsa nemo aut soluta culpa. Nobis quia eos aliquid quibusdam. Modi nobis explicabo voluptas rerum molestiae unde ea.', 931, 7, 4, '2021-05-28 22:04:01', '2021-05-28 22:04:01'),
(38, 'sint', 'Commodi eligendi fuga odio culpa. Sapiente sequi quam nihil vitae beatae vitae. Iste quo molestiae atque voluptas. Saepe numquam adipisci sit sed at aut. Eaque odit vitae voluptatem dolores molestias id.', 767, 8, 4, '2021-05-28 22:04:01', '2021-05-28 22:04:01'),
(39, 'laboriosam', 'Itaque ipsa natus sint cum. Sit id praesentium vitae perferendis sed. Nemo et ab quia et adipisci nemo aliquid.', 619, 7, 10, '2021-05-28 22:04:01', '2021-05-28 22:04:01'),
(40, 'earum', 'Blanditiis doloribus repellendus et aut eligendi rerum. Debitis non commodi cumque ab fugit dolor. Officiis distinctio modi non magnam ut quia corporis et.', 466, 2, 2, '2021-05-28 22:04:02', '2021-05-28 22:04:02'),
(41, 'excepturi', 'Ratione necessitatibus qui sint et ut accusantium. Animi omnis eos iste vel magni sit. Minima velit perferendis cumque nesciunt et qui maxime nam.', 692, 2, 14, '2021-05-28 22:04:02', '2021-05-28 22:04:02'),
(42, 'impedit', 'Vitae ut provident rerum ut deserunt tempora explicabo. Occaecati sit quisquam nam distinctio hic quia quaerat. Laboriosam perferendis ab optio quasi possimus sapiente odio ex. Distinctio voluptate doloremque sit sed ex.', 604, 4, 11, '2021-05-28 22:04:02', '2021-05-28 22:04:02'),
(43, 'quo', 'Culpa vel magni nam nam. Voluptatem quo facere ut porro magni. Veritatis ipsum dolorem et maiores.', 842, 1, 9, '2021-05-28 22:04:02', '2021-05-28 22:04:02'),
(44, 'illo', 'Quisquam et dolor quia ea. Quam aut eligendi ut dignissimos a voluptatum. Magni qui non ex beatae aliquam ut.', 864, 5, 18, '2021-05-28 22:04:02', '2021-05-28 22:04:02'),
(45, 'veniam', 'Totam velit a similique et eveniet doloribus consectetur. In accusantium id occaecati quisquam at corrupti. Dolorem labore autem tenetur perspiciatis et animi iste modi.', 269, 4, 6, '2021-05-28 22:04:02', '2021-05-28 22:04:02'),
(46, 'sit', 'Atque ratione atque dolorum sed molestiae occaecati aut. Esse dolor et quia cupiditate quo laboriosam exercitationem. Eaque nostrum sint rerum ullam debitis vitae.', 265, 8, 25, '2021-05-28 22:04:02', '2021-05-28 22:04:02'),
(47, 'consequatur', 'Dolores et fuga esse vero quis. Consectetur nostrum quo rerum voluptatem. Labore commodi neque minus.', 431, 5, 13, '2021-05-28 22:04:02', '2021-05-28 22:04:02'),
(48, 'quia', 'Et aspernatur in molestiae velit. Totam ipsam eum accusamus molestiae reiciendis ea labore. Temporibus quidem voluptas eum eligendi cum a qui. Et ea quisquam libero dolor quo.', 367, 3, 6, '2021-05-28 22:04:02', '2021-05-28 22:04:02'),
(49, 'ut', 'Autem fugit repellat enim dolor libero animi aut. Facere quis animi eius quis. Id cumque magnam et atque qui. Odit assumenda voluptas quasi corrupti deserunt iste.', 763, 6, 12, '2021-05-28 22:04:02', '2021-05-28 22:04:02'),
(50, 'iure', 'Dolores magni eum sit voluptate consequatur incidunt dolorum tempora. Reprehenderit et facilis dolorem vel autem aliquam. Officiis qui ut qui voluptatum sed facilis illum.', 842, 5, 2, '2021-05-28 22:04:02', '2021-05-28 22:04:02');

-- --------------------------------------------------------

--
-- Table structure for table `reviews`
--

CREATE TABLE `reviews` (
  `id` int(10) UNSIGNED NOT NULL,
  `product_id` int(10) UNSIGNED NOT NULL,
  `customer` varchar(255) COLLATE utf8mb4_unicode_ci NOT NULL,
  `review` text COLLATE utf8mb4_unicode_ci NOT NULL,
  `star` int(11) NOT NULL,
  `created_at` timestamp NULL DEFAULT NULL,
  `updated_at` timestamp NULL DEFAULT NULL
) ENGINE=InnoDB DEFAULT CHARSET=utf8mb4 COLLATE=utf8mb4_unicode_ci;

--
-- Dumping data for table `reviews`
--

INSERT INTO `reviews` (`id`, `product_id`, `customer`, `review`, `star`, `created_at`, `updated_at`) VALUES
(1, 21, 'Jon Leannon', 'Voluptatum ut accusamus ipsum fugiat aut. Aut autem sed esse eum voluptatem reprehenderit ducimus qui. Modi ipsam consequatur ut et. Dolore ea nostrum neque voluptates ipsum non porro.', 1, '2021-05-28 22:04:02', '2021-05-28 22:04:02'),
(2, 5, 'Hazel Prosacco', 'Assumenda vitae quo voluptas voluptas. Deleniti quidem et laboriosam et est ex. Qui quaerat libero nam ducimus et repellat voluptas ducimus. Quidem quaerat quibusdam ipsum quis nesciunt quia.', 1, '2021-05-28 22:04:03', '2021-05-28 22:04:03'),
(3, 15, 'Orion Lindgren', 'Unde rerum nihil quia aut aut laudantium nisi. Repudiandae quia eos possimus. Laborum eaque aliquid aut in. Rerum facere cum ad maiores autem nobis tempora.', 4, '2021-05-28 22:04:03', '2021-05-28 22:04:03'),
(4, 42, 'Lydia Sauer', 'Ea id est quia. Repudiandae nisi repellat dolor blanditiis. Excepturi iure beatae quia ut veniam unde eos.', 0, '2021-05-28 22:04:03', '2021-05-28 22:04:03'),
(5, 23, 'Ayden Klocko', 'Tenetur esse voluptatum pariatur porro impedit commodi. Magnam est quas odio recusandae. Amet quis assumenda voluptas minima vel. Consequatur corrupti vitae incidunt voluptatem tempora vel.', 1, '2021-05-28 22:04:03', '2021-05-28 22:04:03'),
(6, 48, 'Stacey Cruickshank', 'Illo eaque quidem quam architecto aut. Sint ab et cum amet. Illo atque tempore earum. Nostrum rem id et ipsum quae ut eaque. Sapiente in illo deserunt earum omnis quas delectus.', 0, '2021-05-28 22:04:03', '2021-05-28 22:04:03'),
(7, 36, 'Ross Langworth', 'Impedit aspernatur quis repellendus tempora et. Alias et magni et labore est repudiandae. Libero quidem impedit suscipit molestiae nulla et. Est voluptatem qui ratione soluta quia quos et voluptatem.', 1, '2021-05-28 22:04:03', '2021-05-28 22:04:03'),
(8, 8, 'Burnice Prohaska', 'Libero quo qui velit sequi occaecati veniam. Laudantium laudantium expedita et et qui mollitia.', 4, '2021-05-28 22:04:03', '2021-05-28 22:04:03'),
(9, 25, 'Hillary Ferry', 'Et soluta rerum quia. Reiciendis provident omnis adipisci illum qui. Enim et amet consectetur dolore quaerat.', 4, '2021-05-28 22:04:03', '2021-05-28 22:04:03'),
(10, 7, 'Delta Jaskolski III', 'Dolor est omnis pariatur vel amet dignissimos repudiandae. Ut adipisci doloribus non at nam suscipit atque eos. Quia amet et rerum qui quis. Occaecati quo et sed dolor ut modi id.', 3, '2021-05-28 22:04:03', '2021-05-28 22:04:03'),
(11, 13, 'Claude Rodriguez MD', 'Ab esse maiores assumenda dolore. Consequatur reprehenderit et ut odit eaque quos unde totam. Sequi est harum dolores velit repudiandae atque. Repudiandae deleniti voluptatem magnam cumque.', 0, '2021-05-28 22:04:03', '2021-05-28 22:04:03'),
(12, 32, 'Teresa Adams II', 'Tempora corporis omnis iure et quasi qui atque neque. Laborum quia qui quia repellendus quos quis. Sit veritatis neque laudantium eius quo ut.', 1, '2021-05-28 22:04:03', '2021-05-28 22:04:03'),
(13, 40, 'Nellie McKenzie', 'Fugit numquam aut voluptas et voluptatem magnam possimus culpa. Et repellat quas doloremque et quisquam quas. Natus aperiam ipsa voluptatem tenetur facilis id quia. Eos velit dolore qui.', 2, '2021-05-28 22:04:03', '2021-05-28 22:04:03'),
(14, 26, 'Haleigh Hintz I', 'Odio aut placeat mollitia minima. Et quis quasi dicta commodi enim quidem quo. Minus dignissimos sapiente repudiandae voluptatem et.', 5, '2021-05-28 22:04:03', '2021-05-28 22:04:03'),
(15, 32, 'Thaddeus Hettinger', 'Hic quibusdam ea eum explicabo voluptas. Eius repudiandae vero qui. Modi similique est ab consequatur.', 2, '2021-05-28 22:04:03', '2021-05-28 22:04:03'),
(16, 16, 'Sienna Donnelly', 'Ea aspernatur aliquid ut dolor id omnis quas. Aut enim dolore et. Impedit amet cumque beatae sed laudantium enim. In magni assumenda nihil dolor.', 3, '2021-05-28 22:04:03', '2021-05-28 22:04:03'),
(17, 35, 'Florencio Mueller', 'Eligendi doloribus quod quo et molestias vitae animi. Similique ea et tenetur consequatur delectus eos. Tenetur illo inventore assumenda labore et perferendis. Veritatis dolorem itaque soluta et architecto accusamus.', 0, '2021-05-28 22:04:03', '2021-05-28 22:04:03'),
(18, 37, 'Miss Kailyn Yost V', 'Rerum consequatur odio fuga eos. Error quod nemo esse numquam blanditiis eum ipsum similique. Et in sit qui vitae minima magnam placeat.', 1, '2021-05-28 22:04:03', '2021-05-28 22:04:03'),
(19, 50, 'Heber Conroy', 'Dolor maxime itaque quo sit sed excepturi a. Dicta et ipsum sit et aut eum beatae modi. Molestiae aliquam nostrum est eius in. Quas ut magni quia.', 4, '2021-05-28 22:04:03', '2021-05-28 22:04:03'),
(20, 27, 'Gerardo O\'Conner', 'Officia maiores quod tempora soluta nulla ea illum. Non delectus quod enim omnis beatae cumque. Inventore voluptatem sed perspiciatis dicta. Aliquid mollitia aspernatur qui ipsum deserunt.', 0, '2021-05-28 22:04:03', '2021-05-28 22:04:03'),
(21, 39, 'Mckayla Corwin', 'Optio quae et qui quia impedit omnis et soluta. Fugit impedit aspernatur consequatur placeat consequuntur nemo at. Harum in cumque corporis. Culpa possimus sapiente sapiente atque eligendi officia et.', 0, '2021-05-28 22:04:03', '2021-05-28 22:04:03'),
(22, 47, 'Roel Kautzer', 'Odio repudiandae reprehenderit vitae modi corporis qui saepe. Est vitae corrupti aut ad enim.', 0, '2021-05-28 22:04:03', '2021-05-28 22:04:03'),
(23, 15, 'Godfrey Kulas', 'Vitae assumenda dolor sit porro et sed. Nostrum quidem beatae rerum. Est nam ut sapiente dolor non.', 5, '2021-05-28 22:04:03', '2021-05-28 22:04:03'),
(24, 37, 'Dr. Modesto Marvin', 'Aut dolor vel exercitationem rerum. Aut vero ad reiciendis magnam. Earum quis explicabo aut tempore vel et.', 0, '2021-05-28 22:04:03', '2021-05-28 22:04:03'),
(25, 15, 'Lindsey Friesen V', 'Est cupiditate et consequatur ex ut. Laudantium dolor voluptas iusto et. Et et aut autem voluptas.', 2, '2021-05-28 22:04:03', '2021-05-28 22:04:03'),
(26, 30, 'Aliyah Rempel', 'Error adipisci placeat velit maxime ut ut perferendis quis. Dolor occaecati eligendi quis nesciunt non occaecati natus aspernatur. Corrupti doloribus beatae expedita voluptas vel asperiores laboriosam. Vel non debitis iusto id.', 0, '2021-05-28 22:04:03', '2021-05-28 22:04:03'),
(27, 30, 'Ms. Theresia Schmidt', 'Ut animi perspiciatis architecto accusantium repudiandae consectetur commodi. Ut consequatur repellat sequi.', 1, '2021-05-28 22:04:03', '2021-05-28 22:04:03'),
(28, 17, 'Mrs. Iliana Hayes MD', 'Voluptatem quo voluptatem vel ut. Eos illum ad iste nam harum. Vero similique ab vero et distinctio est accusamus et. Dolor nobis veritatis sit iste.', 3, '2021-05-28 22:04:04', '2021-05-28 22:04:04'),
(29, 41, 'Mrs. Hailie Kuhic', 'Non dolore qui non rerum. Repellat dolorem in voluptas quia qui. Corporis alias reprehenderit maxime similique libero.', 1, '2021-05-28 22:04:04', '2021-05-28 22:04:04'),
(30, 10, 'Dr. Alysson Kohler', 'Architecto esse deleniti earum nulla fuga. Modi quo itaque voluptatem repellendus porro quasi. Vitae ad ratione quidem corporis voluptatem.', 2, '2021-05-28 22:04:04', '2021-05-28 22:04:04'),
(31, 41, 'Darion Lind', 'Veritatis nihil qui ut suscipit. Quidem impedit saepe amet dicta non ipsa quia. Voluptatem voluptatem vitae vel aliquam quisquam nam maxime.', 3, '2021-05-28 22:04:04', '2021-05-28 22:04:04'),
(32, 5, 'Lukas Prosacco Jr.', 'Assumenda rerum sunt perferendis dolor quia ut porro. Quis rerum qui accusamus quis enim qui. Et vitae dolorem ducimus in commodi illo sint officia.', 3, '2021-05-28 22:04:04', '2021-05-28 22:04:04'),
(33, 32, 'Nova Blanda MD', 'Perferendis qui corporis et soluta iste minima error. Ut laboriosam atque provident qui quis dolores eum. Tenetur voluptatem qui rerum qui amet quae.', 0, '2021-05-28 22:04:04', '2021-05-28 22:04:04'),
(34, 12, 'Allison Graham', 'Nihil rerum doloremque sequi ullam deserunt tempora ad officiis. Et ipsam ut minima ut et blanditiis. Nisi a tempore animi consequuntur.', 1, '2021-05-28 22:04:04', '2021-05-28 22:04:04'),
(35, 16, 'Prof. Jefferey O\'Kon', 'Aspernatur qui sunt et omnis laboriosam sapiente eum. Sequi soluta dolorem voluptatum officia voluptatem commodi. Dolor et inventore eos temporibus ab libero iste dolorem. Et commodi quam nemo a.', 5, '2021-05-28 22:04:04', '2021-05-28 22:04:04'),
(36, 10, 'Mr. Michale Hegmann', 'Animi eos est velit optio repellendus quis possimus quaerat. Corrupti sit accusantium aliquam minima impedit est sapiente. Perferendis accusamus vitae et.', 0, '2021-05-28 22:04:04', '2021-05-28 22:04:04'),
(37, 2, 'Carissa Reichert', 'Voluptas ducimus qui qui perferendis tempore. Tempora assumenda exercitationem est atque exercitationem sint. Qui delectus possimus sint architecto sed.', 5, '2021-05-28 22:04:04', '2021-05-28 22:04:04'),
(38, 42, 'Jan Gleason', 'Dolor officia in possimus eos fugiat omnis. Sapiente voluptatum magni aut dolorem.', 3, '2021-05-28 22:04:04', '2021-05-28 22:04:04'),
(39, 16, 'Berta Jacobson', 'Dolor voluptas earum vitae nulla. Laudantium et suscipit sed ipsam. Quo et deserunt doloribus recusandae aperiam possimus laborum. Quia sit et voluptatem et est repellat. Officia ut accusantium ex.', 4, '2021-05-28 22:04:04', '2021-05-28 22:04:04'),
(40, 47, 'Mrs. Shyanne Cormier', 'Ab eligendi inventore quia odio porro harum consequatur. Ut architecto exercitationem pariatur incidunt dolore a ab.', 0, '2021-05-28 22:04:04', '2021-05-28 22:04:04'),
(41, 11, 'Caleigh Kreiger', 'In vero harum ab sit qui illum ab accusantium. Voluptatem dolores sit eaque. Illo quia quos nemo fugit sint exercitationem et.', 5, '2021-05-28 22:04:04', '2021-05-28 22:04:04'),
(42, 36, 'Delilah Bartell', 'Explicabo quo veniam ut aliquam consequatur. Sunt occaecati modi est dolorum. Repellendus at molestiae sit deserunt vel.', 1, '2021-05-28 22:04:04', '2021-05-28 22:04:04'),
(43, 21, 'Jarrell Cremin', 'Iusto numquam omnis qui qui quidem quia. Similique saepe doloremque quas. Sequi aut magnam eveniet sit ad odio.', 0, '2021-05-28 22:04:04', '2021-05-28 22:04:04'),
(44, 40, 'Dr. Alfreda Padberg', 'Sed et magni omnis. Esse minus voluptates enim quia iure ut. Rerum fuga doloremque vel consequatur sint. Aut cum accusantium quam ut labore. Ut explicabo excepturi dolor dolor accusantium perferendis ut.', 4, '2021-05-28 22:04:04', '2021-05-28 22:04:04'),
(45, 17, 'Mr. Dimitri Murazik PhD', 'Dignissimos dolor unde ipsa quia laudantium saepe. Aut nobis sit ea eaque accusantium. Quam quaerat quod soluta eos nihil saepe. Vel fugiat minus eos ipsum neque.', 2, '2021-05-28 22:04:04', '2021-05-28 22:04:04'),
(46, 17, 'Darwin Powlowski', 'Ut officia laborum quos aliquam amet debitis. Nesciunt dolor qui aliquam vel ea sint.', 5, '2021-05-28 22:04:04', '2021-05-28 22:04:04'),
(47, 31, 'Jasmin Morissette', 'Cum magnam fuga dolorem necessitatibus voluptas repudiandae autem minima. Ut voluptatem inventore quod deleniti est autem. Quidem cum provident illo qui. Laborum totam occaecati necessitatibus iure.', 2, '2021-05-28 22:04:04', '2021-05-28 22:04:04'),
(48, 23, 'Mrs. Margarett Wiza V', 'Voluptas nulla rerum vel consequatur. Ipsum nihil esse quis perferendis. Omnis praesentium odit consequatur consectetur in atque.', 3, '2021-05-28 22:04:04', '2021-05-28 22:04:04'),
(49, 46, 'Elton Huels', 'Dolores fuga non sit qui ut voluptatibus fuga. Vero officiis doloremque ab et.', 1, '2021-05-28 22:04:05', '2021-05-28 22:04:05'),
(50, 26, 'Ruthe Wiegand III', 'Nulla reiciendis nam labore quo dolores minima omnis. Est temporibus delectus aut. Suscipit suscipit voluptatem architecto provident dolorem doloribus tempore.', 4, '2021-05-28 22:04:05', '2021-05-28 22:04:05'),
(51, 9, 'Shaylee Schaden', 'Eligendi cum odio id error quaerat. Eos eum et explicabo molestiae. Quia eaque quae consequatur ipsum quis harum. Magni consequatur alias sed voluptatibus id.', 1, '2021-05-28 22:04:05', '2021-05-28 22:04:05'),
(52, 14, 'Ben Wisoky Sr.', 'Est cum qui laboriosam doloremque et fuga sed. Distinctio a reprehenderit minus accusamus fuga. Provident quisquam fugiat enim.', 3, '2021-05-28 22:04:05', '2021-05-28 22:04:05'),
(53, 50, 'Dr. Rico Sawayn', 'Quis enim sapiente qui quis quaerat ipsa quas. Ut nemo vel sapiente animi soluta rerum. Delectus enim sit cum necessitatibus. Id ipsa magni vel maxime saepe ea architecto.', 4, '2021-05-28 22:04:05', '2021-05-28 22:04:05'),
(54, 3, 'Miss Reyna Prohaska PhD', 'Est similique laboriosam ad maxime alias inventore ut. At consequatur aspernatur architecto quos. Earum nisi velit eveniet explicabo.', 1, '2021-05-28 22:04:05', '2021-05-28 22:04:05'),
(55, 47, 'Bertram Abernathy PhD', 'Molestias temporibus doloremque sed. Officiis omnis molestiae iste dolorum nulla iste veniam nemo. Accusamus dolorum possimus molestias recusandae cupiditate.', 2, '2021-05-28 22:04:05', '2021-05-28 22:04:05'),
(56, 44, 'Joshuah Hudson', 'Quos quidem non laborum dolores. Sunt rerum quo velit praesentium nobis voluptate. Autem totam repudiandae nam ea.', 2, '2021-05-28 22:04:05', '2021-05-28 22:04:05'),
(57, 21, 'Johnson Waters', 'Neque placeat voluptatum est. Voluptates porro explicabo maiores voluptate laudantium quo praesentium voluptates. Quasi voluptate aperiam dicta laboriosam ut ad voluptatem cumque.', 1, '2021-05-28 22:04:05', '2021-05-28 22:04:05'),
(58, 39, 'Damien Toy', 'Et optio ratione aut labore iusto et id. Voluptates voluptatem eum temporibus amet ut fuga. Repudiandae cupiditate eveniet quae et. Quia est dolores aut distinctio odio.', 4, '2021-05-28 22:04:05', '2021-05-28 22:04:05'),
(59, 10, 'Mr. Judson Nitzsche Sr.', 'Est laborum quidem ad culpa. Iusto magni et eveniet. Nostrum aliquid consequatur vel quas aut laboriosam autem sequi. Animi aperiam ratione asperiores autem praesentium ullam.', 0, '2021-05-28 22:04:05', '2021-05-28 22:04:05'),
(60, 40, 'Raleigh Simonis', 'Repudiandae quis blanditiis ab. Amet suscipit ut voluptas qui dolore sed. Veniam voluptatibus nam dolores eveniet neque ut. Suscipit blanditiis ipsam iste magnam.', 0, '2021-05-28 22:04:05', '2021-05-28 22:04:05'),
(61, 21, 'Dr. Jesus Walter', 'Fugiat quia nesciunt autem totam sapiente magnam. Veniam deserunt fuga repudiandae ad est. Porro sapiente ea quos officia maiores culpa ullam. Libero libero commodi eum laborum.', 4, '2021-05-28 22:04:05', '2021-05-28 22:04:05'),
(62, 35, 'Jan Mraz Jr.', 'Est aliquid vel at fugiat nostrum ullam eveniet. Minima consequatur totam ratione veniam. Quia repellat eum reiciendis nihil nobis eaque quia reiciendis. Nisi voluptatem laudantium molestiae quibusdam officiis odit.', 1, '2021-05-28 22:04:05', '2021-05-28 22:04:05'),
(63, 33, 'Kennith Raynor', 'Debitis beatae ut rerum amet. Ex beatae suscipit architecto at. Odit voluptatibus et tempora ut at optio tenetur. Illum ab recusandae laudantium quaerat.', 2, '2021-05-28 22:04:05', '2021-05-28 22:04:05'),
(64, 48, 'Kamille Conroy', 'Id nostrum quis sed vel. Placeat id ullam molestias id ab enim. Similique vel iure optio ipsa officiis. Non facilis aut incidunt porro adipisci.', 0, '2021-05-28 22:04:05', '2021-05-28 22:04:05'),
(65, 42, 'Mr. Cielo Wisoky', 'Non excepturi amet tempore quidem architecto. Exercitationem ad incidunt qui. Laudantium reprehenderit blanditiis adipisci sed. Et nihil laborum officia esse tempore.', 1, '2021-05-28 22:04:05', '2021-05-28 22:04:05'),
(66, 40, 'Newell Haag MD', 'Ut soluta adipisci cum est ea ut. Ea est rerum aut quia necessitatibus aut minus nihil. Vero vel nostrum non rerum ducimus laudantium. Illum ducimus sunt magni nam enim est iure doloremque. Voluptatem minima minus asperiores qui laborum autem.', 5, '2021-05-28 22:04:06', '2021-05-28 22:04:06'),
(67, 5, 'Clark Mante PhD', 'Laborum et voluptas recusandae maxime in possimus quos enim. Voluptatem et non repudiandae voluptatum eligendi nihil. Maiores reiciendis harum at necessitatibus cumque sapiente sed. Ratione ab eum mollitia inventore molestias fugiat.', 2, '2021-05-28 22:04:06', '2021-05-28 22:04:06'),
(68, 4, 'Scarlett Reilly DVM', 'Molestiae velit dolores quis quam rerum. Nisi aut doloribus est doloremque nihil nostrum. Inventore consequatur libero ab beatae. Ipsam doloremque id libero consequatur.', 1, '2021-05-28 22:04:06', '2021-05-28 22:04:06'),
(69, 35, 'Earnest Lindgren', 'Totam aut qui illum. Alias similique qui doloremque amet. Exercitationem cum voluptatem architecto libero perspiciatis a voluptas.', 2, '2021-05-28 22:04:06', '2021-05-28 22:04:06'),
(70, 13, 'Imelda Cronin MD', 'Repellat odit tempore voluptatem id debitis adipisci nisi. Modi nobis quam illo fugit excepturi dolore. Qui nobis aliquid vel et voluptatem ullam iste.', 1, '2021-05-28 22:04:06', '2021-05-28 22:04:06'),
(71, 42, 'Demetris Robel', 'Nihil quia id sit architecto voluptate. Dolorem et fugit voluptatum quia perspiciatis odio. Et id possimus qui qui.', 3, '2021-05-28 22:04:06', '2021-05-28 22:04:06'),
(72, 42, 'Mrs. Allene Ritchie Jr.', 'Eveniet est architecto autem fugit. Quisquam qui labore tenetur est. Numquam aliquam nostrum aut. Omnis corporis nam hic voluptates perferendis vero consequatur.', 2, '2021-05-28 22:04:06', '2021-05-28 22:04:06'),
(73, 38, 'Anastasia Emmerich Sr.', 'Soluta necessitatibus voluptatem officia ut. Aut est corporis qui excepturi nisi ut quia.', 1, '2021-05-28 22:04:06', '2021-05-28 22:04:06'),
(74, 17, 'Eleanora Goodwin III', 'Dolorem praesentium cumque aut voluptas harum. Id nostrum facere autem aperiam ut. Consequatur magni error nihil voluptatem quos corrupti.', 2, '2021-05-28 22:04:07', '2021-05-28 22:04:07'),
(75, 33, 'Candelario Wolff', 'In similique rerum tempore omnis ipsum. Cum et et sunt quibusdam. Autem consequatur et sit excepturi eligendi. Molestiae et debitis quod nesciunt necessitatibus beatae laudantium. Rerum qui numquam quas aut autem maxime nisi vitae.', 2, '2021-05-28 22:04:07', '2021-05-28 22:04:07'),
(76, 15, 'Keshawn O\'Keefe', 'Qui quos rerum alias est quasi non dolorem. Qui est et vel molestias nulla. Vitae sed commodi delectus omnis. Illo corporis consequatur pariatur eum minus dolores maiores ut. Rerum consequatur et modi velit quisquam quos autem.', 3, '2021-05-28 22:04:07', '2021-05-28 22:04:07'),
(77, 2, 'Kacie DuBuque', 'Maxime modi dolores ipsum. In quia quo rem unde unde. Eos cupiditate dolorem laborum sunt esse consequatur autem velit. Sint est autem ut unde.', 2, '2021-05-28 22:04:07', '2021-05-28 22:04:07'),
(78, 25, 'Daniella Langosh', 'Et enim neque facere mollitia nisi modi blanditiis. Ut omnis maiores rem et sed. Eos nihil quo similique et consequatur. Id architecto sunt doloremque aliquid.', 2, '2021-05-28 22:04:07', '2021-05-28 22:04:07'),
(79, 19, 'Maryjane Wisoky', 'Quibusdam aspernatur a recusandae cupiditate vero. In fugit aut aperiam harum. Cum cumque impedit dolore autem. Eveniet qui libero eaque cumque veritatis ut dolorem.', 4, '2021-05-28 22:04:07', '2021-05-28 22:04:07'),
(80, 6, 'Mrs. Esther Gibson', 'Nobis nesciunt aut sunt dolorem deleniti. Cumque corrupti eligendi ea dolorum. Blanditiis veritatis nulla excepturi minus minima.', 3, '2021-05-28 22:04:07', '2021-05-28 22:04:07'),
(81, 9, 'Anna Williamson', 'Esse dolore ea voluptatem aut tempora saepe. Et consectetur iste sed occaecati quisquam omnis id. Voluptate doloribus cupiditate in maiores.', 1, '2021-05-28 22:04:07', '2021-05-28 22:04:07'),
(82, 1, 'Madyson Kovacek', 'Nam dolores laborum amet dolor molestias odit. Et placeat et exercitationem beatae. At blanditiis laboriosam voluptatem fugit recusandae. Incidunt quos sit quia ad libero laboriosam.', 2, '2021-05-28 22:04:07', '2021-05-28 22:04:07'),
(83, 41, 'Golda Streich', 'Officiis quo aliquam eos omnis nesciunt. Eaque in nihil dolores cum eos. Veniam illum nam quo ex sequi. Labore distinctio est expedita asperiores. Voluptatum enim consequatur ut sequi repudiandae et numquam.', 2, '2021-05-28 22:04:07', '2021-05-28 22:04:07'),
(84, 26, 'Osborne Hartmann', 'Necessitatibus facere sequi dolorum sapiente. Vitae ut et aut consequuntur. Dolor harum consequatur corrupti ut iusto officiis voluptas. Sit quia possimus placeat doloremque repudiandae laboriosam.', 4, '2021-05-28 22:04:08', '2021-05-28 22:04:08'),
(85, 34, 'Jeanne Huel', 'Sit omnis nemo rerum error culpa iusto velit provident. Qui aut rerum itaque ipsum dolorem odio.', 1, '2021-05-28 22:04:08', '2021-05-28 22:04:08'),
(86, 11, 'Harley Daugherty PhD', 'Voluptas dolores id illo blanditiis. Fugit voluptatem consequatur voluptatem a sunt nostrum. Hic quod cumque quaerat illo at harum assumenda.', 5, '2021-05-28 22:04:08', '2021-05-28 22:04:08'),
(87, 33, 'Kenya Hoppe', 'Quibusdam hic provident officia omnis in ducimus. Officia provident non cupiditate corporis hic. Reiciendis rem et reprehenderit nihil. Odio culpa soluta illo aut eum ab laudantium. Iste recusandae voluptatem veritatis alias molestiae officiis dicta.', 3, '2021-05-28 22:04:08', '2021-05-28 22:04:08'),
(88, 3, 'Prof. Louvenia Morissette', 'Et dolore temporibus ut fuga eveniet quo. Earum vitae est nobis aperiam accusantium. Est sed nulla optio omnis aperiam voluptas. Similique corporis consequuntur aspernatur vel atque sint ipsum culpa.', 1, '2021-05-28 22:04:08', '2021-05-28 22:04:08'),
(89, 34, 'Prof. Floy Rosenbaum', 'Et optio commodi quibusdam mollitia amet autem et quam. Quibusdam soluta qui nobis voluptates itaque animi. Impedit quibusdam esse nobis illum eum nihil.', 3, '2021-05-28 22:04:08', '2021-05-28 22:04:08'),
(90, 40, 'Prof. Mckayla Von', 'Tenetur nesciunt eum id incidunt est autem optio. Saepe exercitationem et velit asperiores eaque quidem asperiores adipisci.', 3, '2021-05-28 22:04:08', '2021-05-28 22:04:08'),
(91, 31, 'Shad Schmitt', 'Quia velit ipsam sequi molestiae distinctio incidunt illum officiis. Ex velit explicabo iusto sit facere dicta ut amet. Qui quis velit voluptatem qui.', 3, '2021-05-28 22:04:08', '2021-05-28 22:04:08'),
(92, 49, 'Jordi McCullough Jr.', 'Facere tempore nulla quidem vitae rerum et odit. Quibusdam dolore autem laborum ut. Molestiae ut vel culpa. Officiis dolorum dolorem voluptatum.', 0, '2021-05-28 22:04:08', '2021-05-28 22:04:08'),
(93, 35, 'Braeden Ebert', 'Sunt quia illo qui suscipit maxime est sint nemo. Iure autem neque et qui minima. Voluptas aliquid voluptatem iure. Maiores qui sapiente ut qui illum.', 1, '2021-05-28 22:04:08', '2021-05-28 22:04:08'),
(94, 43, 'Floy Hills', 'Ea ut quasi reprehenderit laudantium. Rem ut et et id minus molestias sit. Et dolorem placeat laudantium inventore est et provident.', 2, '2021-05-28 22:04:08', '2021-05-28 22:04:08'),
(95, 23, 'Graciela Keebler II', 'Debitis corporis possimus sequi. Ratione laboriosam eos dolore dolores eaque non. Voluptas tempore et est autem. Nihil aspernatur quia qui commodi voluptas ea. Distinctio nostrum pariatur consequatur et nihil aut.', 4, '2021-05-28 22:04:08', '2021-05-28 22:04:08'),
(96, 9, 'Delores Lemke PhD', 'Vel velit unde deleniti eveniet id enim. Hic eaque sit occaecati blanditiis. Voluptates similique sequi aliquid voluptas omnis. Sit dolorem est velit ipsum modi veritatis.', 2, '2021-05-28 22:04:08', '2021-05-28 22:04:08'),
(97, 34, 'Eryn Hill', 'Fuga aliquam accusamus labore accusamus. Harum vero alias ut quia. Non distinctio est necessitatibus quae et doloremque voluptatem.', 5, '2021-05-28 22:04:08', '2021-05-28 22:04:08'),
(98, 7, 'Dr. Felix Legros', 'Qui eveniet et amet sed. Cum reprehenderit voluptatibus sunt temporibus odio sit. Exercitationem aut aliquid quo dolores illum.', 1, '2021-05-28 22:04:08', '2021-05-28 22:04:08'),
(99, 41, 'Prof. Jaquelin Smitham III', 'Corrupti non et reiciendis magni. Optio eos reprehenderit ipsum.', 0, '2021-05-28 22:04:08', '2021-05-28 22:04:08'),
(100, 25, 'Jeffry Deckow', 'Ipsa at nostrum est ullam laborum ipsam tenetur doloremque. Nulla eligendi accusamus sint odit ea in illo. Odio eum autem ullam. Quaerat est modi debitis placeat cupiditate.', 1, '2021-05-28 22:04:09', '2021-05-28 22:04:09'),
(101, 24, 'Kurt Okuneva', 'Fugit suscipit velit blanditiis velit. Reprehenderit optio et aut blanditiis sit voluptatem sed. Magni explicabo ut ea ex. Aut modi fuga est culpa.', 3, '2021-05-28 22:04:09', '2021-05-28 22:04:09'),
(102, 8, 'Duane Weissnat', 'Sunt eum architecto architecto repudiandae reiciendis quasi. Aliquam in velit consequatur. Et ea ipsum dolor praesentium.', 1, '2021-05-28 22:04:09', '2021-05-28 22:04:09'),
(103, 21, 'Cecil Gislason DVM', 'Error eligendi est tempore aut debitis. Ea sed odit qui sit occaecati nobis occaecati. Excepturi iste facere soluta autem quae quia iusto. Maxime dolores nemo reiciendis non eveniet.', 0, '2021-05-28 22:04:09', '2021-05-28 22:04:09'),
(104, 34, 'Mr. Coy Batz', 'Pariatur accusamus magni quam. Dolor quia quam neque repudiandae maxime laboriosam pariatur suscipit. Et laborum molestiae unde aut quam laboriosam a.', 3, '2021-05-28 22:04:09', '2021-05-28 22:04:09'),
(105, 9, 'Marge Hane', 'Consequuntur eum laborum nisi dolor veritatis porro voluptatem sed. Reiciendis corrupti unde quis iusto delectus excepturi fuga. In eos culpa quia cupiditate natus.', 3, '2021-05-28 22:04:09', '2021-05-28 22:04:09'),
(106, 29, 'Albina Bartoletti', 'Fugit distinctio dignissimos ut id corporis officiis. Veniam dolore sed nesciunt qui est. Delectus iste necessitatibus sapiente ut repellendus a non ab. Et quibusdam nihil iure aut et quia sit omnis.', 4, '2021-05-28 22:04:09', '2021-05-28 22:04:09'),
(107, 2, 'Leonel Schamberger', 'Voluptates reiciendis omnis doloremque. Voluptas fuga explicabo mollitia inventore quod accusamus. Magnam unde voluptatum voluptatem. Molestias et quaerat omnis sit.', 4, '2021-05-28 22:04:09', '2021-05-28 22:04:09'),
(108, 18, 'Bernice Rempel', 'Aliquid explicabo ut a occaecati. Vero ut est similique deleniti praesentium. Quas ipsam quia est repudiandae voluptate eveniet. Delectus et sit voluptas autem ipsa.', 0, '2021-05-28 22:04:09', '2021-05-28 22:04:09'),
(109, 31, 'Lera Lindgren III', 'Voluptatem et doloremque repellat eum. Sit officia ut voluptatem qui. Temporibus nisi dolores dolor dolorem recusandae.', 4, '2021-05-28 22:04:09', '2021-05-28 22:04:09'),
(110, 39, 'Mr. Lucious Stehr DVM', 'Error quo quo beatae dolor porro voluptatem asperiores. Repellat reiciendis magni velit quia quasi cupiditate vitae. Eligendi numquam voluptatem laudantium et.', 5, '2021-05-28 22:04:09', '2021-05-28 22:04:09'),
(111, 27, 'Caterina Turcotte', 'Quidem esse quibusdam qui qui. Amet exercitationem et repellendus sed eos. Sed labore placeat qui ut nostrum nihil. Aliquid quas consectetur voluptas enim.', 3, '2021-05-28 22:04:09', '2021-05-28 22:04:09'),
(112, 7, 'Kiara Yundt', 'Perspiciatis molestias aut aut. Officiis maxime autem et explicabo dolores libero. Quo temporibus eius non quam doloremque. Accusamus eum ut ullam culpa assumenda qui.', 1, '2021-05-28 22:04:10', '2021-05-28 22:04:10'),
(113, 45, 'Lucy McLaughlin', 'Sit quis quasi distinctio reiciendis dolor eligendi laboriosam. Iure quia nobis harum qui praesentium porro eligendi qui. Quia libero sunt voluptate itaque iste reiciendis.', 1, '2021-05-28 22:04:10', '2021-05-28 22:04:10'),
(114, 37, 'Elza Dickinson', 'Quis molestiae consequatur magni sed. Illum totam velit eum delectus sunt dolore et aut. Dolorum vel in vero voluptatem a fugiat in ipsa.', 2, '2021-05-28 22:04:10', '2021-05-28 22:04:10'),
(115, 45, 'Dwight Thompson MD', 'Enim non recusandae magni voluptas rerum. Quia veritatis sed dolores debitis quidem sit.', 0, '2021-05-28 22:04:10', '2021-05-28 22:04:10'),
(116, 17, 'Prof. Buster Johnston', 'Fuga alias omnis neque sunt animi ut pariatur cum. Reiciendis sit nemo sed maxime quod enim. Et qui distinctio aliquid praesentium.', 3, '2021-05-28 22:04:10', '2021-05-28 22:04:10'),
(117, 48, 'Dr. Emanuel Weissnat', 'Veritatis sed dicta iure quasi eum. Magnam dolorum quas similique est voluptas et. Impedit suscipit beatae maiores voluptate. Omnis repudiandae ut qui ea omnis.', 3, '2021-05-28 22:04:10', '2021-05-28 22:04:10'),
(118, 32, 'Miss Jeanne Walker', 'Omnis minima quasi sunt dicta accusamus officiis itaque. Adipisci quia quod mollitia repellat impedit ipsam. Ut non molestiae voluptas suscipit eaque optio ratione reprehenderit. Quia architecto provident quaerat ipsum debitis.', 3, '2021-05-28 22:04:10', '2021-05-28 22:04:10'),
(119, 22, 'Catharine Walter', 'Libero molestiae iusto autem architecto eos. Quam eos qui qui. Sequi ipsam quas voluptatem ut doloribus.', 2, '2021-05-28 22:04:10', '2021-05-28 22:04:10'),
(120, 34, 'Briana Prosacco', 'Commodi laborum est adipisci et rerum et. Perspiciatis est ratione a hic. Unde consequuntur et dolor qui perferendis error id.', 2, '2021-05-28 22:04:10', '2021-05-28 22:04:10'),
(121, 2, 'Filiberto Strosin III', 'Ullam inventore laboriosam et explicabo enim ut atque qui. Cupiditate facilis minima numquam aut dolorum. Optio ut inventore nulla fugiat iste ex. Similique atque eum qui quam quaerat et.', 1, '2021-05-28 22:04:10', '2021-05-28 22:04:10'),
(122, 10, 'Miss Mayra Monahan II', 'Nesciunt cumque impedit necessitatibus impedit in. Enim cumque perferendis minima saepe aut. Laborum maxime corporis et sit qui quam. Illum velit non saepe natus quaerat rerum delectus.', 0, '2021-05-28 22:04:10', '2021-05-28 22:04:10'),
(123, 35, 'Clarissa Stoltenberg', 'Ea explicabo et at magnam pariatur quia illum. Quia molestiae vel non. Eius natus pariatur eaque est reprehenderit. Odio voluptatem voluptas debitis quo sit nisi.', 2, '2021-05-28 22:04:10', '2021-05-28 22:04:10'),
(124, 47, 'Felicita Padberg', 'Et tempora odit ratione omnis nostrum numquam iure ipsa. Voluptate voluptate autem voluptatem id vitae veritatis. Enim dicta consequatur perferendis debitis a quo accusantium repellat. In explicabo consequatur dolorem ad.', 2, '2021-05-28 22:04:10', '2021-05-28 22:04:10'),
(125, 28, 'Ella Lueilwitz', 'Sit omnis facere culpa qui. Sunt similique nam quam molestiae illum optio pariatur. Dolor ab accusantium quas. Itaque facilis sit et aut consequuntur est.', 2, '2021-05-28 22:04:10', '2021-05-28 22:04:10'),
(126, 24, 'Presley Vandervort', 'Ullam aliquam animi quis est aspernatur quaerat. Amet accusamus fugiat excepturi vitae iure. Incidunt veniam cumque est rem veritatis. Vel ut nobis nisi nulla aut ea sunt.', 0, '2021-05-28 22:04:10', '2021-05-28 22:04:10'),
(127, 20, 'Lurline Emard', 'Nostrum fugiat aspernatur sunt sunt facilis. Autem labore quia sit eum ex. Odio est quasi quae.', 2, '2021-05-28 22:04:10', '2021-05-28 22:04:10'),
(128, 46, 'Bulah Rogahn Sr.', 'Laborum veritatis vitae vitae laborum maxime veniam. Et dignissimos repellendus dolor cum expedita dolores aspernatur. Quis ut assumenda doloremque nobis. Nulla debitis neque nihil id odit quis.', 3, '2021-05-28 22:04:11', '2021-05-28 22:04:11'),
(129, 3, 'Keyon Mann', 'Est excepturi non et recusandae voluptatem excepturi. Aut necessitatibus et dicta id non eligendi quas. Non sit non atque fuga ad hic.', 1, '2021-05-28 22:04:11', '2021-05-28 22:04:11'),
(130, 40, 'Destinee McGlynn', 'Non doloremque veritatis recusandae esse aut quasi. Rerum accusantium qui sed. Vel est est libero nihil inventore.', 1, '2021-05-28 22:04:11', '2021-05-28 22:04:11'),
(131, 2, 'Alvis Rath', 'Et impedit et minus dolores accusantium suscipit enim. Amet omnis mollitia distinctio facilis delectus est. Vero facilis repudiandae enim deleniti nihil nam.', 0, '2021-05-28 22:04:11', '2021-05-28 22:04:11'),
(132, 34, 'Olen Kshlerin', 'Et occaecati qui quis quod assumenda mollitia eos et. Modi quo provident aut aliquid aspernatur omnis fugiat odit. Culpa est cum quas qui omnis at enim.', 5, '2021-05-28 22:04:12', '2021-05-28 22:04:12'),
(133, 14, 'Dariana Kub', 'Nihil commodi ipsa quod consectetur et rem. Cum possimus voluptatem et impedit. Nisi dolores quae optio deleniti sed.', 3, '2021-05-28 22:04:12', '2021-05-28 22:04:12'),
(134, 41, 'Elyse Nicolas', 'Quas provident beatae maiores veritatis ipsum nihil et ut. Minima quo facilis illo hic vel eligendi. Voluptatum sed architecto quod voluptatem eaque nobis ut.', 0, '2021-05-28 22:04:12', '2021-05-28 22:04:12'),
(135, 48, 'Orlo Kertzmann', 'Dignissimos modi voluptas ut unde nisi adipisci. Fuga perspiciatis est inventore est voluptates. Voluptatem commodi minus eos aut. Sint eaque provident quis illum ipsa.', 1, '2021-05-28 22:04:12', '2021-05-28 22:04:12'),
(136, 8, 'Eula Raynor', 'Repellendus facilis ipsum aut omnis minus facere necessitatibus ipsum. Corrupti voluptatem a occaecati quis et nulla. Quibusdam dolorem autem sunt alias.', 5, '2021-05-28 22:04:12', '2021-05-28 22:04:12'),
(137, 49, 'Oceane Wisoky I', 'Eveniet est consequatur asperiores libero dolor voluptatum cupiditate amet. Rerum porro nihil exercitationem delectus molestiae perspiciatis ut. Ad consectetur voluptatum ex voluptate consectetur reprehenderit.', 1, '2021-05-28 22:04:12', '2021-05-28 22:04:12'),
(138, 34, 'Breanne Brakus PhD', 'Fugit aperiam eum aperiam dolores repellendus. Dolore ducimus aut soluta consequatur veritatis.', 1, '2021-05-28 22:04:12', '2021-05-28 22:04:12'),
(139, 48, 'Pat Feeney DVM', 'Quibusdam aut quisquam voluptatem a repellendus ullam. Reprehenderit consequatur totam illum assumenda placeat vero reprehenderit labore. Voluptate debitis officiis dicta. Qui explicabo maxime inventore cupiditate eligendi nostrum quis.', 4, '2021-05-28 22:04:12', '2021-05-28 22:04:12'),
(140, 8, 'Winston Fritsch', 'Temporibus enim quis facilis assumenda aperiam blanditiis. Vel et commodi consectetur optio. Quia minus inventore vero quasi a. Rerum iusto est magnam provident.', 1, '2021-05-28 22:04:12', '2021-05-28 22:04:12'),
(141, 47, 'Mr. Rick Grady MD', 'Quasi aut molestias voluptatum in nesciunt tempore commodi aut. Quae pariatur et eum. Nobis voluptates aut sint illum dignissimos dolores minus. Qui sit incidunt minus repudiandae nesciunt commodi fugiat.', 0, '2021-05-28 22:04:12', '2021-05-28 22:04:12'),
(142, 48, 'Ashtyn Abbott', 'Pariatur necessitatibus id eveniet unde error. Unde beatae aut nesciunt. Veritatis alias voluptatibus ipsum odit.', 2, '2021-05-28 22:04:12', '2021-05-28 22:04:12'),
(143, 25, 'Adolphus Kemmer', 'Aperiam sint sint dolores voluptate eum. Eaque non rem rem sed et rerum. Facere quas culpa quia non.', 3, '2021-05-28 22:04:12', '2021-05-28 22:04:12'),
(144, 13, 'Chauncey O\'Keefe', 'Enim quidem distinctio et animi et molestiae. Odio laboriosam expedita commodi expedita facere distinctio. Iusto in placeat sint nulla. Corrupti enim blanditiis voluptatum aut.', 2, '2021-05-28 22:04:12', '2021-05-28 22:04:12'),
(145, 29, 'Dr. Cristian Schoen I', 'Magni possimus debitis nulla nemo. Similique praesentium est rerum aut repellendus quo. Quia corporis iusto voluptatum illo unde qui est rerum.', 2, '2021-05-28 22:04:12', '2021-05-28 22:04:12'),
(146, 9, 'Yvonne Beatty', 'Et et ut voluptatem et. Quaerat exercitationem quia ut eos perferendis. Molestias velit similique sunt dignissimos impedit. Voluptas occaecati qui ad aliquid.', 3, '2021-05-28 22:04:12', '2021-05-28 22:04:12'),
(147, 33, 'Callie Hodkiewicz', 'Sunt soluta eos magni molestias suscipit ut aliquid. Debitis voluptatem eos exercitationem autem maiores. Omnis id in ipsam quasi debitis in. Dolorum non corporis excepturi non nam voluptas eos.', 3, '2021-05-28 22:04:12', '2021-05-28 22:04:12'),
(148, 13, 'Dr. Cydney Mraz V', 'Cumque quam nam qui voluptates hic. Necessitatibus rem deleniti veritatis nihil ullam dolor nisi. Hic qui et perferendis qui fugiat.', 4, '2021-05-28 22:04:13', '2021-05-28 22:04:13'),
(149, 17, 'Krista Kunze', 'Nisi eos aut magni. Et nostrum ea repellat nihil aperiam ducimus fuga. Commodi quas accusamus non quam atque saepe et.', 5, '2021-05-28 22:04:13', '2021-05-28 22:04:13'),
(150, 20, 'Prof. Timmothy Jacobi Jr.', 'Optio quia quis est est facere cumque. Aliquid cum vitae delectus facilis earum aut aliquam. Soluta sed ut et omnis exercitationem quibusdam dolorem. Dolores voluptatibus nostrum veritatis sint sint et.', 1, '2021-05-28 22:04:13', '2021-05-28 22:04:13'),
(151, 5, 'Michale Cole', 'Sit nostrum aliquam harum omnis non officiis et. Quia laboriosam facilis eaque a neque autem temporibus voluptates. Minima nobis et accusamus voluptas ratione.', 3, '2021-05-28 22:04:13', '2021-05-28 22:04:13'),
(152, 8, 'Jarrod Stehr', 'Et unde voluptates odit sed blanditiis delectus numquam. Exercitationem consectetur dolores aliquam facilis ipsam consequatur quia. Adipisci rerum omnis eum ipsum nulla.', 1, '2021-05-28 22:04:13', '2021-05-28 22:04:13'),
(153, 33, 'Mrs. Araceli Armstrong Sr.', 'A aut eligendi harum. Dolorum nihil facilis molestias placeat mollitia atque. Et repudiandae debitis ipsum vel.', 4, '2021-05-28 22:04:13', '2021-05-28 22:04:13'),
(154, 25, 'Hal Reynolds PhD', 'Et alias libero dolor est eos amet odit. Nulla ipsa quos optio dicta omnis quam. Fugiat ipsa explicabo illum officia.', 3, '2021-05-28 22:04:13', '2021-05-28 22:04:13'),
(155, 29, 'Danial Bechtelar', 'Tempora incidunt iure sunt quas amet velit. Nostrum est vel ex autem. Labore doloremque dolore dicta libero eligendi quisquam soluta incidunt. Nihil nemo dolorum dolorem molestias eius est.', 0, '2021-05-28 22:04:13', '2021-05-28 22:04:13'),
(156, 1, 'Marcelino Bahringer', 'Aut ut fugit consectetur dignissimos optio aliquid eum provident. Qui quia occaecati ipsa a praesentium reprehenderit. Alias beatae perferendis deleniti. Ab non et repellendus eum reiciendis voluptatem enim cum.', 4, '2021-05-28 22:04:13', '2021-05-28 22:04:13'),
(157, 21, 'Else Okuneva', 'Vel voluptatem fuga iure iusto maiores dolores saepe facilis. In natus aliquam deserunt iure consectetur. Doloremque voluptatem beatae vero vitae perspiciatis nostrum perferendis.', 5, '2021-05-28 22:04:13', '2021-05-28 22:04:13'),
(158, 47, 'Ms. Lyla Fritsch', 'Consequuntur qui maxime et id. Iure et soluta amet fugiat ab. Nisi at a cupiditate repellendus. Molestiae ratione perspiciatis quis.', 1, '2021-05-28 22:04:13', '2021-05-28 22:04:13'),
(159, 22, 'Ivah Jast', 'Quis numquam nulla aut fuga. Qui laboriosam corporis esse est. Veniam sit et porro enim ducimus molestiae. Eveniet nulla ut et iusto reiciendis quibusdam.', 5, '2021-05-28 22:04:13', '2021-05-28 22:04:13'),
(160, 2, 'Minerva Cole', 'Officia quidem ut et amet officia hic qui. Ut vel totam rerum ut. Nulla commodi enim numquam architecto voluptatum animi. Quos iure sed cum qui ut sequi.', 0, '2021-05-28 22:04:13', '2021-05-28 22:04:13'),
(161, 42, 'Stanton Toy', 'Nisi culpa sit quia sint porro iusto. Ipsam esse voluptas facere aut. Cupiditate blanditiis accusantium autem similique qui ut. Excepturi eligendi aut repellendus ratione.', 1, '2021-05-28 22:04:13', '2021-05-28 22:04:13'),
(162, 8, 'Serena O\'Hara', 'Commodi voluptatem architecto nihil impedit est voluptate optio. Commodi nihil vel non ratione illum. Ut consequatur fugit earum.', 1, '2021-05-28 22:04:14', '2021-05-28 22:04:14'),
(163, 35, 'Keeley Ziemann', 'Pariatur quis qui fugit dicta dolorem qui. Dolorem repellendus eum ad nesciunt ducimus deserunt quia. Dolor itaque facere et voluptas. Autem autem eligendi suscipit aut sed et et. Qui harum consequuntur eveniet ducimus.', 4, '2021-05-28 22:04:14', '2021-05-28 22:04:14'),
(164, 10, 'Sydnie Shields PhD', 'Occaecati fugit esse repellendus reiciendis voluptatem ea aliquid repudiandae. Quasi sed est ut animi et omnis tempora. Molestiae ea saepe quos molestias quia aut. Officia molestiae facere et vitae magni.', 1, '2021-05-28 22:04:14', '2021-05-28 22:04:14'),
(165, 27, 'Hollie Kub', 'Sed qui sunt non sint voluptatem quam. Facilis voluptas assumenda alias aliquid eos consequatur sunt temporibus. Quia ipsum corporis cupiditate quo accusamus aut.', 5, '2021-05-28 22:04:14', '2021-05-28 22:04:14'),
(166, 20, 'Ms. Aniyah Gerhold Sr.', 'Dignissimos cum maiores eos molestiae quaerat architecto voluptatem eaque. Similique aliquam magni ut praesentium officiis magni. Nesciunt voluptate facilis ea.', 0, '2021-05-28 22:04:14', '2021-05-28 22:04:14'),
(167, 38, 'Darrel Kilback', 'Velit dolorem assumenda voluptatibus velit dolorem impedit excepturi. Aliquam autem in architecto maiores qui qui. Accusamus rerum minima voluptatibus quod accusantium fuga quia consectetur. Ut dicta molestiae ut.', 3, '2021-05-28 22:04:14', '2021-05-28 22:04:14'),
(168, 31, 'Mrs. Guadalupe Nicolas', 'Optio voluptas dignissimos numquam doloremque sit perferendis quod. Odio non quia et ipsum qui id. Nisi esse delectus nesciunt quis nisi.', 3, '2021-05-28 22:04:14', '2021-05-28 22:04:14'),
(169, 2, 'Selina Lockman', 'Vel consequatur explicabo qui eum. Voluptatum sunt autem suscipit enim debitis repellendus. Alias debitis impedit molestias ea officia architecto. Dolor et nostrum aut ab adipisci. Enim minima ut vero quas vero.', 1, '2021-05-28 22:04:14', '2021-05-28 22:04:14'),
(170, 12, 'Miss Josefina Corwin', 'Minus aperiam dicta aliquam iure nisi aut et. Incidunt sit minus in nihil doloremque dolor tenetur. Nemo voluptas pariatur atque numquam.', 2, '2021-05-28 22:04:14', '2021-05-28 22:04:14'),
(171, 27, 'Katlyn Towne II', 'Aut omnis eos libero et. At velit fugit tempora ullam commodi libero laborum. Iusto qui eos omnis dignissimos dolorem ratione.', 0, '2021-05-28 22:04:14', '2021-05-28 22:04:14'),
(172, 2, 'Miss Stacy Schultz V', 'Distinctio eligendi ut id occaecati asperiores ut sed. Ipsum repellat est repellat.', 4, '2021-05-28 22:04:14', '2021-05-28 22:04:14'),
(173, 35, 'Jeramy Yundt', 'Voluptatibus in eveniet dolorem eius est. Assumenda omnis quo ratione fuga. Sed eveniet qui nulla deserunt perferendis iste reprehenderit. Eaque nemo quis deserunt libero natus qui modi.', 3, '2021-05-28 22:04:14', '2021-05-28 22:04:14'),
(174, 25, 'Felipe Glover', 'Nam in laudantium quibusdam. Sit modi id praesentium numquam molestiae.', 0, '2021-05-28 22:04:14', '2021-05-28 22:04:14'),
(175, 3, 'Rhoda Robel', 'Neque harum et nesciunt labore enim quia est. Vel tempore distinctio eveniet temporibus reprehenderit et. Odio dolore consequuntur quas quas unde molestias inventore. Et eos rerum unde.', 3, '2021-05-28 22:04:14', '2021-05-28 22:04:14'),
(176, 12, 'Jevon Littel', 'Magni vel eius iste aliquam. Fuga atque consequatur nihil eius. Officiis non et temporibus nostrum.', 4, '2021-05-28 22:04:15', '2021-05-28 22:04:15'),
(177, 19, 'Hudson Kris I', 'Reiciendis neque ut et nam esse consequatur. Reprehenderit neque totam consequatur et officia. Possimus quia omnis facere eos. Explicabo iusto aliquam inventore nihil ea omnis. Animi cum pariatur eius.', 5, '2021-05-28 22:04:15', '2021-05-28 22:04:15'),
(178, 5, 'Immanuel Hessel', 'In quo neque atque omnis occaecati. Fugit impedit suscipit perferendis et. Earum eos magni nemo nulla laboriosam voluptatem exercitationem. Eligendi impedit error aspernatur molestiae aliquid voluptas. A nostrum fugiat ab et.', 1, '2021-05-28 22:04:15', '2021-05-28 22:04:15'),
(179, 50, 'Oscar Gusikowski', 'Delectus et sunt necessitatibus accusamus. Architecto voluptatem cumque et a est sit at. Fuga delectus aspernatur corrupti quam facere.', 1, '2021-05-28 22:04:15', '2021-05-28 22:04:15'),
(180, 47, 'Ms. Maida Kertzmann Sr.', 'Facilis illum qui culpa. Velit incidunt sit tempore velit et. Porro commodi aperiam odio molestias consectetur earum. Qui unde eius odit ea est. Debitis ad iure quod harum sed officiis.', 4, '2021-05-28 22:04:15', '2021-05-28 22:04:15'),
(181, 41, 'Prof. Bell Williamson V', 'Et perspiciatis possimus quia vero. Omnis rerum natus voluptas dolorem voluptatem sit. Eos est porro praesentium dolore quia ipsum.', 2, '2021-05-28 22:04:15', '2021-05-28 22:04:15'),
(182, 48, 'Mrs. Amy Armstrong', 'Eos est quia architecto aut officiis autem id voluptatum. Rerum voluptates velit asperiores tempora assumenda nobis sit. Vitae aut blanditiis rerum qui. Sit libero aliquid quidem iste beatae commodi.', 4, '2021-05-28 22:04:15', '2021-05-28 22:04:15'),
(183, 3, 'Patsy Mitchell', 'Id culpa ea qui numquam. Itaque eaque ad ex ut. Non ipsa rerum accusamus minima quod. Est et quia quo autem ullam mollitia quidem.', 2, '2021-05-28 22:04:15', '2021-05-28 22:04:15'),
(184, 13, 'Julian Huels', 'Quis quia atque voluptate ex autem quo deserunt adipisci. A ut doloribus sed itaque dicta nihil. Cumque quisquam voluptas ad.', 0, '2021-05-28 22:04:15', '2021-05-28 22:04:15'),
(185, 42, 'Josianne Gleichner', 'Ratione sapiente odit voluptatem qui dolorem eos. Sed deserunt neque facere ab voluptas quae. Dolores praesentium accusantium dolorum. Qui sunt quidem perferendis delectus ipsa in incidunt aut.', 1, '2021-05-28 22:04:15', '2021-05-28 22:04:15'),
(186, 7, 'Keara Metz', 'Eveniet officiis ipsum dicta sed et suscipit dolorem itaque. Hic labore atque odit consequatur dolor error hic qui. Sed nesciunt perspiciatis architecto est. Illum animi itaque quae voluptatem. Sit debitis in sit eos ut qui.', 0, '2021-05-28 22:04:15', '2021-05-28 22:04:15'),
(187, 21, 'Prof. Giles Goldner', 'Ea consectetur molestiae aut. Tempore est est voluptatibus aperiam. Molestiae aperiam cupiditate dignissimos voluptate.', 5, '2021-05-28 22:04:15', '2021-05-28 22:04:15'),
(188, 8, 'Westley Upton', 'Impedit repellat est dolore atque. Voluptatibus voluptatem hic aut fuga. Saepe sit voluptatum aut dolor. Impedit nihil in non totam.', 0, '2021-05-28 22:04:15', '2021-05-28 22:04:15'),
(189, 6, 'Rogers Dietrich DVM', 'Ut nulla amet cum aut. Et voluptates aliquid architecto temporibus nostrum deserunt consectetur. Exercitationem consectetur voluptatum non aut aspernatur nesciunt quibusdam. Reprehenderit odit reprehenderit quia sint.', 4, '2021-05-28 22:04:16', '2021-05-28 22:04:16'),
(190, 42, 'Alexander Bogisich', 'Est iste excepturi est itaque. Qui sequi animi repellendus molestias aliquid. Consectetur quia quod voluptatem.', 1, '2021-05-28 22:04:16', '2021-05-28 22:04:16'),
(191, 29, 'Eleazar Lang DVM', 'Voluptas perferendis voluptatem explicabo nihil. Omnis occaecati velit nesciunt molestiae ipsum debitis adipisci. Amet commodi mollitia voluptatem nihil. Soluta repellat odio illum laboriosam aut ut inventore tempora.', 0, '2021-05-28 22:04:16', '2021-05-28 22:04:16'),
(192, 33, 'Ms. Piper Weimann', 'Aut rem et quam officia. Autem tempore error modi quasi illum pariatur.', 0, '2021-05-28 22:04:16', '2021-05-28 22:04:16'),
(193, 1, 'Pasquale Aufderhar', 'Dolor facilis omnis corporis harum explicabo. Eum non commodi quo facilis exercitationem sunt tempora. Sed id vitae excepturi ut.', 2, '2021-05-28 22:04:16', '2021-05-28 22:04:16'),
(194, 31, 'Ian Cruickshank', 'Quam quis sed placeat sit harum. Vitae ipsum nisi voluptas pariatur non autem. Quo eos voluptas omnis rerum.', 0, '2021-05-28 22:04:16', '2021-05-28 22:04:16'),
(195, 15, 'Bernardo Buckridge', 'Facere voluptatem illo incidunt ut accusantium enim. Pariatur ullam sit suscipit fugit. Nisi qui sit odio laborum cupiditate enim quam perspiciatis. Sit dolore fugiat dolor. Maiores voluptates porro eos hic doloribus quo.', 4, '2021-05-28 22:04:16', '2021-05-28 22:04:16'),
(196, 7, 'Miss Heather Rowe', 'Nemo et eveniet non quia vitae ut labore. Odio quae incidunt dolor consequuntur omnis. Consequatur velit et voluptas assumenda.', 0, '2021-05-28 22:04:16', '2021-05-28 22:04:16'),
(197, 28, 'Kacey Daugherty', 'Temporibus itaque maiores et quia quod non. Et accusamus tempore assumenda rerum et. Modi animi quaerat voluptas dolorem.', 0, '2021-05-28 22:04:16', '2021-05-28 22:04:16'),
(198, 18, 'Sim Effertz', 'Saepe et repellendus facilis doloribus labore delectus rerum. Molestiae perspiciatis quis enim inventore magnam rerum.', 5, '2021-05-28 22:04:17', '2021-05-28 22:04:17'),
(199, 4, 'Mossie Monahan DDS', 'Ea minima dolores sapiente aut eaque. Quis exercitationem aut suscipit. Molestiae ut quibusdam ratione molestiae.', 3, '2021-05-28 22:04:17', '2021-05-28 22:04:17'),
(200, 42, 'Audrey Mertz', 'Voluptas ut est voluptatem illo. Officiis omnis necessitatibus ex dolor officiis vel. Iusto ut neque sed iure deleniti. Praesentium nihil aliquam necessitatibus dolor. Error non sapiente et sit quo perspiciatis voluptatibus.', 3, '2021-05-28 22:04:17', '2021-05-28 22:04:17'),
(201, 33, 'Braden Wiza', 'Placeat sed explicabo labore aliquid maiores adipisci quos nulla. Quia incidunt voluptatem eum ducimus dolorum. Incidunt in officia dolorum quis eius praesentium autem.', 1, '2021-05-28 22:04:17', '2021-05-28 22:04:17'),
(202, 32, 'Elliot Leffler II', 'Debitis nesciunt quo reprehenderit ad at. Est maxime omnis aliquam eum beatae nesciunt. Ea facilis aut voluptatem voluptatum.', 0, '2021-05-28 22:04:17', '2021-05-28 22:04:17'),
(203, 37, 'Ms. Jacky Lowe', 'Quis inventore et excepturi fugiat fugiat. Optio voluptatum id molestiae ut natus.', 0, '2021-05-28 22:04:17', '2021-05-28 22:04:17'),
(204, 23, 'Alexandre Stark', 'Animi voluptatem deleniti odio laudantium rem dolorem. Et quod dolorum aut qui. Ipsa quia perferendis quidem.', 0, '2021-05-28 22:04:17', '2021-05-28 22:04:17'),
(205, 6, 'Destin Torphy', 'Aliquid blanditiis sunt et et. Omnis earum ut ea provident accusamus mollitia quas. Commodi dolore ut laborum qui repudiandae impedit rem. Ullam praesentium esse quia aspernatur dolores ex dolorum quia.', 0, '2021-05-28 22:04:18', '2021-05-28 22:04:18'),
(206, 34, 'Dr. Verna Larkin', 'Qui quod et sint dolor quia. Aut vitae ratione et. Rem officiis voluptatum non enim quaerat qui incidunt.', 1, '2021-05-28 22:04:18', '2021-05-28 22:04:18'),
(207, 49, 'Dillan Bogisich', 'Id et debitis ducimus eius assumenda deserunt dolores aut. Eum quasi expedita nisi vitae quia. Et vel quo rerum maiores. Accusamus eum quae optio quo fugiat ab impedit eveniet.', 1, '2021-05-28 22:04:18', '2021-05-28 22:04:18'),
(208, 19, 'Ettie Hettinger', 'Velit veniam autem architecto. Id quae possimus dolorem debitis. Libero ratione et harum neque vel sed. Et repellat architecto qui quae ducimus.', 0, '2021-05-28 22:04:18', '2021-05-28 22:04:18'),
(209, 31, 'Laverne Beer DDS', 'Impedit quod omnis magnam porro. Eveniet quia blanditiis tempore ea. Incidunt voluptatem qui velit corporis.', 5, '2021-05-28 22:04:18', '2021-05-28 22:04:18'),
(210, 31, 'Wilma Mertz Sr.', 'Excepturi et qui reprehenderit nesciunt. Exercitationem sed minus libero totam atque autem. Praesentium repellendus dolor commodi numquam et et consequatur. Doloribus et omnis iste maiores suscipit.', 4, '2021-05-28 22:04:18', '2021-05-28 22:04:18'),
(211, 2, 'Aimee Kohler', 'Harum magni soluta molestiae totam dignissimos animi. Esse quisquam et alias et quia. Et aliquam odio ea est molestiae. Rerum doloremque et delectus id voluptatibus ullam.', 1, '2021-05-28 22:04:19', '2021-05-28 22:04:19');
INSERT INTO `reviews` (`id`, `product_id`, `customer`, `review`, `star`, `created_at`, `updated_at`) VALUES
(212, 47, 'Kaitlyn Dach', 'Occaecati amet incidunt minima et facilis et architecto. Id dolor consequatur labore fugit. Debitis sint corrupti qui molestiae quos. Sapiente at id cupiditate ratione quisquam sunt.', 3, '2021-05-28 22:04:19', '2021-05-28 22:04:19'),
(213, 25, 'Clinton Mayert', 'Odio eaque sunt natus libero cupiditate esse totam. Vel veritatis fuga totam fuga quo omnis. Perspiciatis voluptatibus ullam doloribus fugiat consequatur. Tenetur magni est cupiditate molestias temporibus quidem enim.', 3, '2021-05-28 22:04:19', '2021-05-28 22:04:19'),
(214, 2, 'Antonina Gutkowski', 'Aut est eum iure. Quidem vel repellat incidunt consequatur. Asperiores hic iusto omnis assumenda sunt doloremque adipisci.', 1, '2021-05-28 22:04:19', '2021-05-28 22:04:19'),
(215, 33, 'Dr. Braulio Kunde Sr.', 'Magni soluta in esse quasi dolorem ad quo. Ut commodi dolores sed ratione et sit laboriosam. Est qui occaecati ullam dolor iste magnam vel.', 2, '2021-05-28 22:04:19', '2021-05-28 22:04:19'),
(216, 11, 'Ms. Mariam Rohan', 'Magnam voluptas incidunt omnis recusandae ullam rerum. Porro in laudantium ab ex temporibus.', 1, '2021-05-28 22:04:19', '2021-05-28 22:04:19'),
(217, 11, 'Burley Stokes', 'Alias sint omnis ullam labore nesciunt. Consequatur molestias rerum voluptatibus suscipit. Veritatis natus velit aut quo debitis dolor voluptate. Alias veritatis quia deleniti voluptatem. Sunt aliquam impedit quidem minima sint hic.', 1, '2021-05-28 22:04:19', '2021-05-28 22:04:19'),
(218, 7, 'Armando Quitzon', 'Iusto ut ipsam et natus illo odio natus. Voluptatum aspernatur amet omnis. Molestiae iure nisi ea nostrum iste vel sed unde. Ad ipsa voluptas delectus.', 0, '2021-05-28 22:04:19', '2021-05-28 22:04:19'),
(219, 21, 'Camila Goodwin', 'Cumque iure et odio quis excepturi corporis. Quae vel qui provident rerum quis nemo. Molestiae cumque nihil eveniet placeat impedit dolores et autem. In tenetur inventore iusto ipsam dignissimos ut.', 0, '2021-05-28 22:04:19', '2021-05-28 22:04:19'),
(220, 39, 'Teresa Prohaska', 'Omnis eligendi quis possimus qui suscipit. Et placeat rerum quia est officia. Porro voluptates mollitia harum voluptatem sit. Numquam saepe consequatur inventore qui aliquid facere quasi. Harum consequuntur omnis eos quasi.', 4, '2021-05-28 22:04:19', '2021-05-28 22:04:19'),
(221, 26, 'Bella Leffler', 'Unde non quis nihil fugit excepturi incidunt eos. Aut voluptas voluptas autem omnis dicta eos consectetur. Officia non quam fugiat ut. Culpa quo dolor nam iusto.', 5, '2021-05-28 22:04:20', '2021-05-28 22:04:20'),
(222, 49, 'Precious Klein', 'Reprehenderit architecto dolore quasi odit sunt quibusdam animi. Labore quia quis et repudiandae facilis. Hic dolor ab tenetur consequuntur unde.', 2, '2021-05-28 22:04:20', '2021-05-28 22:04:20'),
(223, 39, 'Karina Connelly', 'Debitis laudantium et vitae sint qui nisi deleniti. Recusandae recusandae perspiciatis qui omnis quis iure occaecati corporis.', 4, '2021-05-28 22:04:20', '2021-05-28 22:04:20'),
(224, 17, 'Lindsey Volkman', 'Minus molestias dolor eos exercitationem accusantium voluptas nihil. Nostrum est cupiditate ducimus cum vitae. Voluptatem commodi incidunt voluptatem maiores est rerum hic error. Non enim et odit eligendi aut veritatis ea.', 4, '2021-05-28 22:04:20', '2021-05-28 22:04:20'),
(225, 39, 'Brenda Stanton', 'Cumque omnis quibusdam quidem. Ducimus repellendus libero odio laborum maxime reprehenderit dolores. Quia quia aspernatur quam quo similique.', 5, '2021-05-28 22:04:20', '2021-05-28 22:04:20'),
(226, 28, 'Roderick Fahey', 'Commodi nesciunt voluptatum nihil nemo quia saepe qui omnis. Aut placeat est eum at non ipsum. Sit tenetur a dolores quos dignissimos adipisci veniam. Est et eum et repellat.', 4, '2021-05-28 22:04:20', '2021-05-28 22:04:20'),
(227, 11, 'Mariah Dietrich', 'Molestias et est animi reiciendis voluptates. Voluptas accusantium eos officia perspiciatis. Nobis labore quas sed velit optio itaque ducimus voluptas. Numquam reiciendis facere ut veniam quidem velit.', 4, '2021-05-28 22:04:20', '2021-05-28 22:04:20'),
(228, 22, 'Dr. Jonas Tremblay DVM', 'Excepturi illo quia facere quia numquam cumque ad nesciunt. Earum omnis qui ex dolorem molestias natus. Ducimus pariatur totam voluptas sapiente nostrum ut. Qui aut esse iure qui reiciendis temporibus itaque nihil.', 3, '2021-05-28 22:04:20', '2021-05-28 22:04:20'),
(229, 14, 'Virgil Abbott', 'A quae iure est. Rerum sapiente voluptatum itaque minima maxime veniam. Aut id odit magni debitis esse mollitia.', 4, '2021-05-28 22:04:20', '2021-05-28 22:04:20'),
(230, 35, 'Beryl Krajcik', 'At impedit et quidem. Et natus culpa dolores dolor. Odio voluptatibus ut est nihil cumque.', 1, '2021-05-28 22:04:20', '2021-05-28 22:04:20'),
(231, 9, 'Mr. Brennan Schowalter MD', 'Veniam doloribus cum rerum sunt quo voluptas. Debitis qui quod adipisci cum aliquid. Adipisci natus qui est.', 5, '2021-05-28 22:04:20', '2021-05-28 22:04:20'),
(232, 29, 'Nash Harris', 'Doloribus quisquam odit nobis quaerat ea. Voluptate accusamus molestias iusto qui assumenda nisi recusandae. Quae sit sequi in repellat perspiciatis.', 3, '2021-05-28 22:04:20', '2021-05-28 22:04:20'),
(233, 25, 'Ms. Gabriella Thompson', 'Aut quis et qui deleniti veritatis. Expedita et iusto sed provident qui ut aperiam exercitationem. Harum quas deleniti voluptatem quisquam id optio. Exercitationem qui est ipsa magnam sequi sed nam facilis.', 2, '2021-05-28 22:04:20', '2021-05-28 22:04:20'),
(234, 5, 'Serenity Kuvalis', 'Omnis aut nesciunt error odio. Necessitatibus ducimus quasi maiores nesciunt voluptates consequatur sint. Illum porro delectus provident placeat ea.', 1, '2021-05-28 22:04:20', '2021-05-28 22:04:20'),
(235, 29, 'Constantin Trantow', 'Voluptatem laudantium et debitis ipsum laborum. Aspernatur est esse qui est. Molestias ipsum dolor error ipsa iure accusantium numquam. Voluptatem voluptates quibusdam dolores.', 5, '2021-05-28 22:04:20', '2021-05-28 22:04:20'),
(236, 21, 'Dr. Sid Robel', 'Rerum maiores ullam accusamus deserunt itaque. Rerum cum et sint aut dignissimos aut. Ut et eum est saepe temporibus. Ut odio tempora facilis at aliquid.', 0, '2021-05-28 22:04:21', '2021-05-28 22:04:21'),
(237, 4, 'Laverne Nikolaus I', 'Quidem enim non iusto explicabo aliquid dolor non. Est repudiandae molestiae eum ut dolorem. Et tempore explicabo qui consequatur dolore error. Pariatur sed assumenda consequatur adipisci.', 3, '2021-05-28 22:04:21', '2021-05-28 22:04:21'),
(238, 29, 'Dr. Constantin Keebler', 'Voluptatibus incidunt quis illo aut. Sit rerum aliquam alias quos totam iusto repellat.', 1, '2021-05-28 22:04:21', '2021-05-28 22:04:21'),
(239, 42, 'Randi Anderson PhD', 'Nulla ratione repudiandae iure nisi fuga blanditiis. Debitis eum velit inventore. Quas tempore minus sed nemo laborum ducimus. Quaerat illo nostrum vel corrupti excepturi.', 3, '2021-05-28 22:04:21', '2021-05-28 22:04:21'),
(240, 32, 'Adelia Kilback', 'Quam accusantium qui architecto molestiae ab quibusdam. Officia sunt velit sit ipsa mollitia iusto. Ut exercitationem eaque perspiciatis saepe recusandae omnis dicta veniam. Qui non et totam non quis a maiores.', 4, '2021-05-28 22:04:21', '2021-05-28 22:04:21'),
(241, 29, 'Joaquin Buckridge', 'Ut in ipsum explicabo optio eum. Voluptates minus et possimus ratione. Inventore in qui error modi laborum et commodi.', 3, '2021-05-28 22:04:21', '2021-05-28 22:04:21'),
(242, 47, 'Jasmin Bartoletti', 'Vel in harum et id. Accusantium molestiae commodi cumque aut non ab. Nobis omnis repellendus quae quisquam accusamus.', 3, '2021-05-28 22:04:21', '2021-05-28 22:04:21'),
(243, 12, 'Santos Vandervort', 'Praesentium consequatur dolore ea tenetur. Ipsum occaecati itaque est autem tempore rerum. Ea qui quam mollitia ut porro. Aut quas distinctio consequatur dolore est.', 0, '2021-05-28 22:04:21', '2021-05-28 22:04:21'),
(244, 34, 'Ted Zboncak', 'Optio ab illo pariatur et et dolor optio. Molestias quia maxime delectus. Libero deserunt ut quaerat. Ab molestias accusamus optio repellat voluptas quod facere. Eos nisi possimus dicta voluptas rerum.', 2, '2021-05-28 22:04:21', '2021-05-28 22:04:21'),
(245, 34, 'Geovany Rosenbaum', 'Itaque esse quo assumenda mollitia nam provident. Minima labore ipsam sit est dolorem distinctio nulla. Alias consequuntur incidunt rem aut. Harum distinctio voluptas odio tenetur est.', 0, '2021-05-28 22:04:21', '2021-05-28 22:04:21'),
(246, 6, 'Mrs. Sandra Price II', 'Magni corrupti ipsa dolore omnis illum dignissimos quasi soluta. Cumque et id cum ea inventore. Et rerum doloribus in aut harum rerum enim.', 0, '2021-05-28 22:04:21', '2021-05-28 22:04:21'),
(247, 24, 'Francis Aufderhar', 'Ipsa facere eos repellendus sint. Consequatur et debitis autem velit libero. Ullam repudiandae et reprehenderit quia hic laborum asperiores aut.', 1, '2021-05-28 22:04:21', '2021-05-28 22:04:21'),
(248, 21, 'Mr. Carter O\'Connell', 'Voluptatem asperiores modi eos. Assumenda quidem fugit iure non debitis voluptas iure. Aperiam ullam ipsa consectetur officiis qui.', 5, '2021-05-28 22:04:22', '2021-05-28 22:04:22'),
(249, 21, 'Boyd Bosco', 'Repellat nesciunt autem facere doloribus praesentium. Illo nisi porro nihil ullam reprehenderit ullam.', 5, '2021-05-28 22:04:22', '2021-05-28 22:04:22'),
(250, 2, 'Erna Macejkovic', 'Omnis est veritatis non omnis quia similique mollitia. Tempora error rem ipsam libero id doloremque cupiditate. Cum dolor laudantium explicabo culpa odit sit. Doloribus nihil quaerat dolores.', 4, '2021-05-28 22:04:22', '2021-05-28 22:04:22'),
(251, 50, 'Mia Shanahan', 'Necessitatibus ut voluptatem sunt autem mollitia. Qui nesciunt odit adipisci libero illo nemo. Perferendis pariatur quos error quo.', 3, '2021-05-28 22:04:22', '2021-05-28 22:04:22'),
(252, 17, 'Clement Mueller', 'Et et unde voluptatum minus rerum similique. Dolores excepturi quod repellendus et cumque. Fugiat sit voluptatem et quia sint. Laborum dignissimos aspernatur totam eos dolore temporibus totam. Et enim et voluptatum maiores rerum et.', 4, '2021-05-28 22:04:22', '2021-05-28 22:04:22'),
(253, 45, 'Prof. Narciso Kautzer', 'Quasi animi et aspernatur dolorum. Reprehenderit earum quos non qui commodi sed et. Porro accusantium voluptatem illum voluptas sit. Ad possimus assumenda minus id aut non.', 0, '2021-05-28 22:04:22', '2021-05-28 22:04:22'),
(254, 31, 'Althea Tillman', 'Eos natus velit omnis ut minus et quidem provident. Quia qui quasi possimus. Adipisci quos ea porro omnis.', 3, '2021-05-28 22:04:22', '2021-05-28 22:04:22'),
(255, 33, 'Dr. Augusta Green', 'Quam ipsum consequatur vero nam optio impedit. Inventore dolorem dolor et placeat natus ut minus.', 0, '2021-05-28 22:04:22', '2021-05-28 22:04:22'),
(256, 37, 'Lyda Greenfelder', 'Molestiae quasi sint provident est dolores eos. Sint reiciendis eius quos sit aut.', 0, '2021-05-28 22:04:22', '2021-05-28 22:04:22'),
(257, 6, 'Dr. Andy Harvey III', 'Ut impedit atque necessitatibus sint qui et. Iste voluptatem nihil eum non et reprehenderit. Ut occaecati nulla qui maiores reiciendis.', 1, '2021-05-28 22:04:22', '2021-05-28 22:04:22'),
(258, 48, 'Miss Kaitlin Hintz PhD', 'Autem voluptatem veniam voluptas exercitationem magni. Eos sed ea sunt tempora delectus. Sed totam repudiandae culpa beatae magni. Molestiae eos nemo et.', 4, '2021-05-28 22:04:22', '2021-05-28 22:04:22'),
(259, 27, 'Ms. Oma Lang Jr.', 'Quis aliquam vero architecto sed illo laboriosam. Temporibus aut autem et aut nisi qui tempora. Perferendis maxime cum inventore commodi. Tenetur officia quo id architecto itaque. Fuga modi officia nobis optio enim soluta eum molestias.', 5, '2021-05-28 22:04:22', '2021-05-28 22:04:22'),
(260, 16, 'Claire O\'Conner PhD', 'Nulla sint velit perspiciatis exercitationem at ea consequatur possimus. Incidunt et maxime aliquid sed aspernatur. Modi expedita dolorem quas fuga et.', 0, '2021-05-28 22:04:22', '2021-05-28 22:04:22'),
(261, 39, 'Kelly Lueilwitz III', 'Aspernatur nihil magni possimus reprehenderit. Quasi quod voluptas enim repellat nihil sapiente aut. Libero aperiam quia dicta dolores praesentium inventore.', 5, '2021-05-28 22:04:22', '2021-05-28 22:04:22'),
(262, 1, 'Arnold Kautzer I', 'Nisi corrupti expedita voluptate cum qui ea sint nisi. Sequi id assumenda rem. Voluptatibus et rerum minus occaecati aliquam sed quasi. Labore minima expedita est. Fugiat quod tenetur laborum explicabo molestiae fuga.', 2, '2021-05-28 22:04:22', '2021-05-28 22:04:22'),
(263, 4, 'Dr. Dannie Schoen', 'Magnam aut illum deleniti rerum. Laborum minima aliquid consectetur qui eum illum.', 1, '2021-05-28 22:04:22', '2021-05-28 22:04:22'),
(264, 2, 'Nathen Quitzon DVM', 'A magni non facilis sit ipsa saepe. Deleniti asperiores fuga et quisquam incidunt enim sit. Sit nesciunt sint omnis animi. Exercitationem id corporis sint delectus quam culpa.', 4, '2021-05-28 22:04:23', '2021-05-28 22:04:23'),
(265, 12, 'Miss Felicity Jerde', 'Ut dolorem sint eveniet dolores. Voluptatibus impedit nostrum quis eligendi blanditiis. Id quis quia quaerat distinctio aut et ea. Ut beatae commodi et.', 3, '2021-05-28 22:04:23', '2021-05-28 22:04:23'),
(266, 49, 'Maeve Fritsch', 'Nemo minima molestias deleniti iste dolor. Dolores accusantium distinctio est quia.', 1, '2021-05-28 22:04:23', '2021-05-28 22:04:23'),
(267, 39, 'Lindsey Jacobi', 'Voluptatem dolorum nihil et consequatur. Cupiditate eos odit dolorem accusantium.', 0, '2021-05-28 22:04:23', '2021-05-28 22:04:23'),
(268, 26, 'Erin Koelpin', 'Laborum nihil quod et. Sit neque qui doloribus consectetur nisi veniam.', 0, '2021-05-28 22:04:23', '2021-05-28 22:04:23'),
(269, 15, 'Fredrick Ledner', 'Quia aut in eum. Quod eveniet quidem in quam corporis et. Autem accusantium quis repellat perspiciatis sunt nihil quis.', 2, '2021-05-28 22:04:23', '2021-05-28 22:04:23'),
(270, 17, 'Madeline Erdman', 'In voluptas et harum. Eum quos qui dolores delectus. Recusandae consectetur culpa quos impedit est. Nulla repudiandae assumenda recusandae autem ducimus veritatis. Nihil et magnam dolorem est maiores.', 5, '2021-05-28 22:04:23', '2021-05-28 22:04:23'),
(271, 20, 'Felton O\'Kon', 'Quia voluptas consectetur omnis vel aperiam similique ut. Est saepe reprehenderit ea iste non vel minus. Doloribus vel est atque. Aut natus vel dicta in debitis.', 3, '2021-05-28 22:04:23', '2021-05-28 22:04:23'),
(272, 34, 'Richie Maggio', 'Temporibus voluptatum qui aliquid aut facilis dolor sit asperiores. Aut amet consequuntur quae sed suscipit. Atque amet sequi est quia quam quia modi. Incidunt alias architecto autem atque provident facere voluptas ab.', 5, '2021-05-28 22:04:23', '2021-05-28 22:04:23'),
(273, 15, 'Prof. Breanne Dibbert DDS', 'Est dolor libero placeat. Illo consequatur in facere. Culpa rerum cumque voluptas qui porro rerum expedita. At praesentium quibusdam quaerat eveniet omnis est fugiat saepe.', 0, '2021-05-28 22:04:23', '2021-05-28 22:04:23'),
(274, 12, 'Miss Deanna Parisian', 'Ut quo aut modi rerum dolore. Suscipit officia architecto recusandae reprehenderit aut praesentium. Dolores aspernatur placeat natus id eum enim. Sequi ullam quo unde eos voluptatibus.', 5, '2021-05-28 22:04:23', '2021-05-28 22:04:23'),
(275, 34, 'Prof. Sharon Gusikowski', 'Qui dignissimos laudantium eos sit et autem ut. Dolorem voluptas rerum cupiditate iste in. Dolores hic nihil nam consectetur odit. Est officia sed impedit qui laborum explicabo.', 4, '2021-05-28 22:04:23', '2021-05-28 22:04:23'),
(276, 26, 'Otho Marvin', 'Fugit numquam qui voluptatum sequi facere sunt. Vel quis incidunt amet quam porro voluptate. Iste nisi tenetur dolores odit illo unde.', 4, '2021-05-28 22:04:23', '2021-05-28 22:04:23'),
(277, 39, 'Berry Glover III', 'Culpa consequuntur nihil maiores incidunt dignissimos id ut. Perferendis dignissimos nihil excepturi aut. Ut odit ut quam ut cum cum.', 2, '2021-05-28 22:04:23', '2021-05-28 22:04:23'),
(278, 18, 'Mr. Misael Kiehn', 'Eum magni repellendus voluptate qui animi natus est. Odio ipsa minus a voluptatem numquam. Dolorem aut quam non at reiciendis fuga. Minus enim et ratione.', 4, '2021-05-28 22:04:23', '2021-05-28 22:04:23'),
(279, 33, 'Celestine Kemmer', 'Sit consequatur rerum blanditiis vitae et. Incidunt eum sunt fugit et sit explicabo ex aspernatur. Fuga neque quaerat qui dolore est voluptatum.', 1, '2021-05-28 22:04:23', '2021-05-28 22:04:23'),
(280, 38, 'Prof. Jamar Kirlin', 'Harum est eum modi. Et quibusdam pariatur omnis est ducimus. Tempora sunt et accusamus aut excepturi. Ut sequi suscipit quaerat natus. Ut sapiente totam dolores repellendus dolorem quidem.', 1, '2021-05-28 22:04:23', '2021-05-28 22:04:23'),
(281, 9, 'Emiliano Rippin', 'Nemo et quod beatae quisquam expedita eos. Qui totam explicabo qui veniam asperiores quaerat aut. Et nisi aliquid blanditiis officiis consectetur velit aut. Distinctio recusandae saepe qui minima laudantium.', 3, '2021-05-28 22:04:23', '2021-05-28 22:04:23'),
(282, 38, 'Mathilde Wiza', 'Est fuga debitis doloremque itaque. Ullam minus laudantium aspernatur animi. Est facilis perferendis nam est iste quisquam hic. Ratione non et temporibus expedita.', 2, '2021-05-28 22:04:24', '2021-05-28 22:04:24'),
(283, 18, 'Archibald Mills', 'Ab cumque nam incidunt praesentium dolores. Accusantium voluptatem est voluptate sint non. Ipsum et illum vitae quasi impedit hic laborum. Recusandae vel voluptas ex quos et.', 4, '2021-05-28 22:04:24', '2021-05-28 22:04:24'),
(284, 37, 'Prof. Abigail Volkman', 'Incidunt in aut doloribus. Corrupti perferendis laboriosam dolorem necessitatibus.', 1, '2021-05-28 22:04:24', '2021-05-28 22:04:24'),
(285, 37, 'Marielle Toy', 'Beatae alias quis consequatur voluptatum temporibus. Aut ut ullam dolores suscipit deserunt accusamus. Magni ea aut doloremque vel ut molestiae qui.', 3, '2021-05-28 22:04:24', '2021-05-28 22:04:24'),
(286, 12, 'Marco Ryan', 'Doloribus iusto tenetur eaque. Totam illo ut aperiam qui vel non aut. Earum quidem necessitatibus aut et sint qui in. Laborum ut eos aspernatur veritatis rerum similique.', 2, '2021-05-28 22:04:24', '2021-05-28 22:04:24'),
(287, 16, 'Prof. Nora Dickinson', 'Ipsa minus quidem facere voluptas maiores non nostrum. Quidem odio maiores eum numquam aliquam nihil minus. Quia saepe velit totam natus cumque voluptas non. Nihil quis sit sed iure aut.', 1, '2021-05-28 22:04:24', '2021-05-28 22:04:24'),
(288, 20, 'Crystel Collins', 'Velit sapiente perspiciatis modi impedit. Neque nihil dolores veniam unde totam. Molestias ullam in temporibus temporibus. Nisi minus necessitatibus eius quibusdam occaecati.', 5, '2021-05-28 22:04:24', '2021-05-28 22:04:24'),
(289, 1, 'Elisha Stanton', 'Eum qui magni accusamus qui velit sint iure. Omnis illo officia eum et facere vero. Ad sit assumenda quo aliquid est facilis. Voluptas molestiae quasi quae nulla placeat voluptates.', 4, '2021-05-28 22:04:24', '2021-05-28 22:04:24'),
(290, 49, 'Alverta Grant', 'Non enim et est ipsum dolores et placeat repellat. Sit quisquam est sit est officiis fuga exercitationem. Voluptatibus iusto quis et quae quibusdam. Eum ratione magni pariatur rerum quod. Voluptate consequatur omnis nesciunt neque soluta.', 5, '2021-05-28 22:04:24', '2021-05-28 22:04:24'),
(291, 10, 'Chaz Sporer', 'Debitis mollitia nostrum quisquam vitae. Voluptatem et quam blanditiis qui cupiditate quis voluptatem. Eaque et nihil sapiente atque minus. Sed sit aut perspiciatis dignissimos tempora vel a.', 3, '2021-05-28 22:04:24', '2021-05-28 22:04:24'),
(292, 32, 'Ms. Theodora Hoppe I', 'Et quaerat aut debitis voluptatibus dignissimos. Aliquid nam dolores aspernatur sequi corrupti. Nisi harum nisi quia eos non.', 0, '2021-05-28 22:04:24', '2021-05-28 22:04:24'),
(293, 19, 'Berta Labadie', 'Iste blanditiis placeat et omnis nesciunt ut eum. Delectus sunt dolores ratione laudantium quam vel nulla. Quod qui quibusdam quia possimus.', 0, '2021-05-28 22:04:24', '2021-05-28 22:04:24'),
(294, 1, 'Mr. Mohammad Lind', 'Quos velit voluptatem nobis ducimus vel voluptate accusantium. Esse ex aut repellat tempora non. Vel ut et quidem tempora maxime odio. Consequatur ex facere earum voluptatem natus ut. Fuga architecto delectus tempora culpa ex eos enim molestiae.', 3, '2021-05-28 22:04:24', '2021-05-28 22:04:24'),
(295, 34, 'Kayley Quitzon', 'Assumenda mollitia voluptas ea unde placeat libero. Ea ut omnis id. Qui optio quae sit voluptatem voluptate perspiciatis ab.', 5, '2021-05-28 22:04:24', '2021-05-28 22:04:24'),
(296, 36, 'Margie Bartell', 'Aut nostrum eaque laudantium quis. Molestiae tempore dolores qui. Atque est voluptatem ut. Est incidunt voluptatem aperiam.', 0, '2021-05-28 22:04:24', '2021-05-28 22:04:24'),
(297, 45, 'Miss Marjorie Roberts', 'Excepturi eaque itaque eos laboriosam omnis molestias ab minima. Debitis dolores laudantium totam quia animi tenetur. Quia dolorum veritatis veritatis vel neque.', 1, '2021-05-28 22:04:24', '2021-05-28 22:04:24'),
(298, 40, 'Jaeden Rohan', 'Illum saepe consequatur molestias quod ad cum. Rem non et maiores iusto mollitia voluptas. Dicta minima animi voluptatem sit. Ipsa enim autem et deserunt.', 1, '2021-05-28 22:04:24', '2021-05-28 22:04:24'),
(299, 6, 'Mr. Coleman Reilly DDS', 'Repudiandae vitae alias laboriosam blanditiis amet distinctio. Ut consequatur tenetur quas laborum sunt quia. Incidunt officiis neque aut quibusdam quam temporibus.', 3, '2021-05-28 22:04:24', '2021-05-28 22:04:24'),
(300, 48, 'Hailee Pouros', 'Aperiam ea eligendi maxime rerum maiores illum. Ut reiciendis quaerat neque et et ipsa. Fuga consectetur maxime repellendus magnam fugit quos distinctio. Unde ut commodi dolor.', 5, '2021-05-28 22:04:24', '2021-05-28 22:04:24');

-- --------------------------------------------------------

--
-- Table structure for table `users`
--

CREATE TABLE `users` (
  `id` int(10) UNSIGNED NOT NULL,
  `name` varchar(255) COLLATE utf8mb4_unicode_ci NOT NULL,
  `email` varchar(255) COLLATE utf8mb4_unicode_ci NOT NULL,
  `password` varchar(255) COLLATE utf8mb4_unicode_ci NOT NULL,
  `remember_token` varchar(100) COLLATE utf8mb4_unicode_ci DEFAULT NULL,
  `created_at` timestamp NULL DEFAULT NULL,
  `updated_at` timestamp NULL DEFAULT NULL
) ENGINE=InnoDB DEFAULT CHARSET=utf8mb4 COLLATE=utf8mb4_unicode_ci;

--
-- Indexes for dumped tables
--

--
-- Indexes for table `migrations`
--
ALTER TABLE `migrations`
  ADD PRIMARY KEY (`id`);

--
-- Indexes for table `password_resets`
--
ALTER TABLE `password_resets`
  ADD KEY `password_resets_email_index` (`email`);

--
-- Indexes for table `products`
--
ALTER TABLE `products`
  ADD PRIMARY KEY (`id`);

--
-- Indexes for table `reviews`
--
ALTER TABLE `reviews`
  ADD PRIMARY KEY (`id`),
  ADD KEY `reviews_product_id_index` (`product_id`);

--
-- Indexes for table `users`
--
ALTER TABLE `users`
  ADD PRIMARY KEY (`id`),
  ADD UNIQUE KEY `users_email_unique` (`email`);

--
-- AUTO_INCREMENT for dumped tables
--

--
-- AUTO_INCREMENT for table `migrations`
--
ALTER TABLE `migrations`
  MODIFY `id` int(10) UNSIGNED NOT NULL AUTO_INCREMENT, AUTO_INCREMENT=5;

--
-- AUTO_INCREMENT for table `products`
--
ALTER TABLE `products`
  MODIFY `id` int(10) UNSIGNED NOT NULL AUTO_INCREMENT, AUTO_INCREMENT=51;

--
-- AUTO_INCREMENT for table `reviews`
--
ALTER TABLE `reviews`
  MODIFY `id` int(10) UNSIGNED NOT NULL AUTO_INCREMENT, AUTO_INCREMENT=301;

--
-- AUTO_INCREMENT for table `users`
--
ALTER TABLE `users`
  MODIFY `id` int(10) UNSIGNED NOT NULL AUTO_INCREMENT;

--
-- Constraints for dumped tables
--

--
-- Constraints for table `reviews`
--
ALTER TABLE `reviews`
  ADD CONSTRAINT `reviews_product_id_foreign` FOREIGN KEY (`product_id`) REFERENCES `products` (`id`) ON DELETE CASCADE;
COMMIT;

/*!40101 SET CHARACTER_SET_CLIENT=@OLD_CHARACTER_SET_CLIENT */;
/*!40101 SET CHARACTER_SET_RESULTS=@OLD_CHARACTER_SET_RESULTS */;
/*!40101 SET COLLATION_CONNECTION=@OLD_COLLATION_CONNECTION */;
